-- phpMyAdmin SQL Dump
-- version 4.6.5.2
-- https://www.phpmyadmin.net/
--
-- Host: 127.0.0.1
-- Generation Time: 2017-05-02 19:09:36
-- 服务器版本： 10.1.21-MariaDB
-- PHP Version: 5.6.30

SET SQL_MODE = "NO_AUTO_VALUE_ON_ZERO";
SET time_zone = "+00:00";


/*!40101 SET @OLD_CHARACTER_SET_CLIENT=@@CHARACTER_SET_CLIENT */;
/*!40101 SET @OLD_CHARACTER_SET_RESULTS=@@CHARACTER_SET_RESULTS */;
/*!40101 SET @OLD_COLLATION_CONNECTION=@@COLLATION_CONNECTION */;
/*!40101 SET NAMES utf8mb4 */;

--
-- Database: `googlescholardb`
--

-- --------------------------------------------------------

--
-- 表的结构 `connections`
--

CREATE TABLE `connections` (
  `sourceScholarID` varchar(256) CHARACTER SET utf8 NOT NULL,
  `targetScholarID` varchar(256) CHARACTER SET utf8 NOT NULL
) ENGINE=InnoDB DEFAULT CHARSET=utf8 COLLATE=utf8_bin;

--
-- 转存表中的数据 `connections`
--

INSERT INTO `connections` (`sourceScholarID`, `targetScholarID`) VALUES
('G0yAJAw', 'rUHfmpQ'),
('G0yAJAw', 'LJCwMOE'),
('G0yAJAw', '8maqKdg'),
('G0yAJAw', 'Ew8TNsM'),
('G0yAJAw', 'DubfkQ8'),
('G0yAJAw', 'VjJm3zY'),
('G0yAJAw', 'iGI2_Cw'),
('G0yAJAw', 'wuykjtQ'),
('G0yAJAw', 'T8jdVWw'),
('G0yAJAw', 'pDMC1pk'),
('G0yAJAw', '9jBS1tE'),
('G0yAJAw', 'aLVpD6U'),
('G0yAJAw', '4WQktm8'),
('G0yAJAw', 'fwrBs0w'),
('G0yAJAw', 'O-rI2E0'),
('G0yAJAw', 'CilK624'),
('G0yAJAw', 'ahbK6JU'),
('G0yAJAw', 'wtdCugI'),
('G0yAJAw', 'CrHB1LQ'),
('G0yAJAw', 'fIES7P0'),
('4WQktm8', 'aLVpD6U'),
('4WQktm8', 'G0yAJAw'),
('4WQktm8', '8maqKdg'),
('O-rI2E0', 'JR5Dwxo'),
('O-rI2E0', '6YYJk1Q'),
('O-rI2E0', 'G0yAJAw'),
('O-rI2E0', '8maqKdg'),
('O-rI2E0', 'gx1FuhU'),
('O-rI2E0', 'SR_Ohsc'),
('wtdCugI', '8maqKdg'),
('wtdCugI', 'G0yAJAw'),
('wtdCugI', 'lApWCPU'),
('wtdCugI', 'rUHfmpQ'),
('wtdCugI', 'iGI2_Cw'),
('wtdCugI', 'O-rI2E0'),
('wtdCugI', 'MuJmTFU'),
('wtdCugI', 'piEJXtc'),
('wtdCugI', 'tq9MQlQ'),
('wtdCugI', 'fsWb7O4'),
('pDMC1pk', '9jBS1tE'),
('pDMC1pk', '8maqKdg'),
('pDMC1pk', 'iZIjJ80'),
('9jBS1tE', 'rUHfmpQ'),
('9jBS1tE', 'pDMC1pk'),
('9jBS1tE', 'VjJm3zY'),
('9jBS1tE', '6vgFGvY'),
('9jBS1tE', 'PDT1C-Q'),
('9jBS1tE', 'CilK624'),
('9jBS1tE', 'DubfkQ8'),
('9jBS1tE', 'eY9cdIY'),
('9jBS1tE', 'iZIjJ80'),
('9jBS1tE', 'N-1KB5s'),
('9jBS1tE', 'z7_EOOs'),
('9jBS1tE', 'L8QLk1w'),
('9jBS1tE', '77zqgOc'),
('9jBS1tE', '0VzUxIc'),
('9jBS1tE', '5NCjEDI'),
('9jBS1tE', 'LJCwMOE'),
('9jBS1tE', 'BzjDlpU'),
('9jBS1tE', 'aLVpD6U'),
('9jBS1tE', 'MuJmTFU'),
('9jBS1tE', 'N1dGivs'),
('rUHfmpQ', 'VjJm3zY'),
('rUHfmpQ', 'LJCwMOE'),
('rUHfmpQ', 'DubfkQ8'),
('rUHfmpQ', '8maqKdg'),
('rUHfmpQ', 'CepcZIU'),
('rUHfmpQ', 'IHAmK_g'),
('rUHfmpQ', '9jBS1tE'),
('rUHfmpQ', 'pDMC1pk'),
('rUHfmpQ', 'G0yAJAw'),
('rUHfmpQ', 'T8jdVWw'),
('rUHfmpQ', 'v_2mtVA'),
('rUHfmpQ', 'xQ7IpL8'),
('rUHfmpQ', 'ng5HJBY'),
('rUHfmpQ', 'pmeFzWM'),
('rUHfmpQ', 'c6STH3Q'),
('rUHfmpQ', 'L_9C4v0'),
('rUHfmpQ', 'Q_aReMI'),
('rUHfmpQ', 'iZIjJ80'),
('rUHfmpQ', 'gx1FuhU'),
('rUHfmpQ', 'YQIWsa0'),
('VjJm3zY', 'rUHfmpQ'),
('VjJm3zY', 'pDMC1pk'),
('VjJm3zY', 'DubfkQ8'),
('iGI2_Cw', '8maqKdg'),
('iGI2_Cw', 'G0yAJAw'),
('iGI2_Cw', 'qvxemZw'),
('iGI2_Cw', 'wtdCugI'),
('VjJm3zY', '8maqKdg'),
('iGI2_Cw', 'O-rI2E0'),
('VjJm3zY', '9jBS1tE'),
('iGI2_Cw', '8Bkxdx4'),
('iGI2_Cw', '12csu04'),
('iGI2_Cw', 'Bm1Tcms'),
('iGI2_Cw', 'Fw0RC2I'),
('iGI2_Cw', 'BFNgQiA'),
('iGI2_Cw', 'zacGWTE'),
('iGI2_Cw', 'BdIzyWA'),
('iGI2_Cw', 'Ryw9-YE'),
('iGI2_Cw', '33ftCdE'),
('iGI2_Cw', 'ph85-E4'),
('iGI2_Cw', 'sLe_-6o'),
('iGI2_Cw', 'mfZtyl4'),
('VjJm3zY', 'xQ7IpL8'),
('CrHB1LQ', 'hyFIq8U'),
('Ew8TNsM', 'rUHfmpQ'),
('CilK624', 'o4n0Kvg'),
('CilK624', 'C_zcTIA'),
('VjJm3zY', 'LJCwMOE'),
('CrHB1LQ', 'fsWb7O4'),
('Ew8TNsM', 'G0yAJAw'),
('CilK624', 'DVZF0PI'),
('LJCwMOE', 'rUHfmpQ'),
('wuykjtQ', 'Li2XffY'),
('VjJm3zY', '_4AykOk'),
('fIES7P0', 'hCzS7N8'),
('CrHB1LQ', 'q_47tpE'),
('Ew8TNsM', 'wuykjtQ'),
('CilK624', '6iUyQhM'),
('LJCwMOE', 'DubfkQ8'),
('wuykjtQ', 'KUAqMBk'),
('VjJm3zY', '0yWrqXA'),
('VjJm3zY', 'v_2mtVA'),
('8maqKdg', 'rUHfmpQ'),
('CrHB1LQ', 'NMuDAe0'),
('CrHB1LQ', 'nltQkfg'),
('Ew8TNsM', 'qKQD-2c'),
('LJCwMOE', 'L_9C4v0'),
('wuykjtQ', 'XA85OFQ'),
('fIES7P0', 'BF3B4KA'),
('VjJm3zY', 'iZIjJ80'),
('VjJm3zY', 'WPvaGSw'),
('8maqKdg', 'VjJm3zY'),
('CrHB1LQ', 'gFxqc64'),
('Ew8TNsM', '2lpWTDY'),
('LJCwMOE', '8maqKdg'),
('wuykjtQ', 'rUHfmpQ'),
('fIES7P0', '2wvJC6I'),
('CilK624', 'gpk1HxA'),
('VjJm3zY', 'QNcGZdQ'),
('8maqKdg', 'G0yAJAw'),
('CrHB1LQ', 'h6Cc4nE'),
('Ew8TNsM', 'PHJokEQ'),
('LJCwMOE', 'hCzS7N8'),
('wuykjtQ', 'Ew8TNsM'),
('fIES7P0', 'RoAXDw0'),
('CilK624', 'vj-4SjY'),
('VjJm3zY', 'gx1FuhU'),
('8maqKdg', '9jBS1tE'),
('CrHB1LQ', 'ScDJx68'),
('Ew8TNsM', 'IW2QsUY'),
('LJCwMOE', 'fIES7P0'),
('wuykjtQ', 'G0yAJAw'),
('fIES7P0', 'P15-SKk'),
('CilK624', 'm_w7RAI'),
('VjJm3zY', 'Jz8DDVA'),
('8maqKdg', 'ph85-E4'),
('CrHB1LQ', 'PwYT6EM'),
('Ew8TNsM', 'LfmjF2U'),
('LJCwMOE', '9jBS1tE'),
('wuykjtQ', 'V-Prhwo'),
('fIES7P0', '6QYH6S0'),
('CilK624', 'qbO0xwU'),
('VjJm3zY', 'G0yAJAw'),
('8maqKdg', 'wtdCugI'),
('CrHB1LQ', 'LJCwMOE'),
('Ew8TNsM', 'q1HlbIU'),
('LJCwMOE', 'pDMC1pk'),
('wuykjtQ', 'CNGCee4'),
('fIES7P0', 'dCBk3oI'),
('CilK624', 'x55ZD5w'),
('VjJm3zY', 'T8jdVWw'),
('8maqKdg', '41m5j04'),
('CrHB1LQ', 'GrCk6Wo'),
('Ew8TNsM', 'Rnb8M9A'),
('LJCwMOE', 'xY6DIik'),
('wuykjtQ', '-VJvHsw'),
('fIES7P0', 'QEGb1ec'),
('CilK624', 'C_zesQg'),
('VjJm3zY', '91SV1NU'),
('8maqKdg', 'iZIjJ80'),
('CrHB1LQ', 'SCCwW3Y'),
('Ew8TNsM', 'P_9a7I0'),
('wuykjtQ', 'PZiBuYw'),
('fIES7P0', 'LJCwMOE'),
('CilK624', 'FCGwMg0'),
('VjJm3zY', 'kpdGoqk'),
('8maqKdg', 'iGI2_Cw'),
('CrHB1LQ', 'ys89Ujo'),
('Ew8TNsM', 'grQumKc'),
('wuykjtQ', 'lckGfAI'),
('fIES7P0', 'yCR2h98'),
('CilK624', 'rUHfmpQ'),
('VjJm3zY', 'YNDtLbE'),
('8maqKdg', 'qvxemZw'),
('CrHB1LQ', 'RUfo3Ko'),
('Ew8TNsM', 'jQOCiPI'),
('wuykjtQ', 'bamwf6U'),
('fIES7P0', '35wViPw'),
('CilK624', 'VjJm3zY'),
('8maqKdg', 'MuJmTFU'),
('CrHB1LQ', 'i8JsL7Q'),
('Ew8TNsM', 'pGh242U'),
('wuykjtQ', 'PEstzs0'),
('fIES7P0', '35owm6E'),
('CilK624', 'rFW52kU'),
('8maqKdg', '91SV1NU'),
('CrHB1LQ', 'KGlyGUc'),
('Ew8TNsM', 'ERQSOF8'),
('wuykjtQ', 'y5-LP4U'),
('fIES7P0', 'iScun_Q'),
('fIES7P0', 'SdnXZXU'),
('fIES7P0', '19qSWk8'),
('fIES7P0', 'S1-L87U'),
('fIES7P0', 'SckkmZ8'),
('fIES7P0', 'fiYbAFc'),
('fIES7P0', 'DubfkQ8'),
('fIES7P0', 'rUHfmpQ'),
('CrHB1LQ', 'Ti_7MKw'),
('Ew8TNsM', 'GPXp0s0'),
('Ew8TNsM', 'szhVlZE'),
('Ew8TNsM', 'lP1fLaM'),
('8maqKdg', 'd19z9lw'),
('CilK624', 'spq_Fnc'),
('CrHB1LQ', 'ul-dSQQ'),
('CrHB1LQ', 'OrODXkA'),
('CrHB1LQ', 'LkiweUg'),
('Ew8TNsM', 'MR9vRDw'),
('Ew8TNsM', 'm9O5tE8'),
('8maqKdg', 'DubfkQ8'),
('8maqKdg', 'Je4hzio'),
('CilK624', '9jBS1tE'),
('8maqKdg', '33ftCdE'),
('CilK624', 'ebZKrLU'),
('8maqKdg', 'R2BQ93Y'),
('CilK624', 'd_lhXyk'),
('8maqKdg', 'l5kULqg'),
('CilK624', 'o4a20zs'),
('CilK624', 'WS_O3bI'),
('8maqKdg', 'aLVpD6U'),
('8maqKdg', '4WQktm8');

-- --------------------------------------------------------

--
-- 表的结构 `fields`
--

CREATE TABLE `fields` (
  `scholarID` varchar(255) CHARACTER SET utf8 NOT NULL,
  `field` varchar(255) CHARACTER SET utf8 NOT NULL
) ENGINE=InnoDB DEFAULT CHARSET=latin1;

--
-- 转存表中的数据 `fields`
--

INSERT INTO `fields` (`scholarID`, `field`) VALUES
('G0yAJAw', 'Artificial Intelligence'),
('G0yAJAw', 'Operations Research'),
('G0yAJAw', 'Optimisation'),
('G0yAJAw', 'Scheduling'),
('G0yAJAw', 'Timetabling'),
('iGI2_Cw', 'Artificial Intelligence'),
('iGI2_Cw', 'Machine Learning'),
('iGI2_Cw', 'Evolutionary Computation'),
('iGI2_Cw', 'Robotics'),
('iGI2_Cw', 'Operations Research'),
('pDMC1pk', 'Artificial Intelligence'),
('pDMC1pk', 'Genetic Programming'),
('pDMC1pk', 'Genetic Algorithms'),
('pDMC1pk', 'Heuristics'),
('Ew8TNsM', 'Semidefinite Programming'),
('pDMC1pk', 'Metaheuristics'),
('Ew8TNsM', 'Mixed Integer Programming'),
('Ew8TNsM', 'Mathematical Optimization'),
('Ew8TNsM', 'Operations Research'),
('4WQktm8', 'Heuristics'),
('4WQktm8', 'Hyper-heuristics'),
('4WQktm8', 'Constraint Satisfaction'),
('4WQktm8', 'Evolutionary Computation'),
('8maqKdg', 'Heuristics'),
('4WQktm8', 'Machine Learning'),
('8maqKdg', 'Metaheuristics'),
('8maqKdg', 'Hyper-heuristics'),
('8maqKdg', 'Scheduling'),
('wuykjtQ', 'timetabling'),
('8maqKdg', 'Timetabling'),
('wuykjtQ', 'scheduling'),
('rUHfmpQ', 'Operations Research'),
('wuykjtQ', 'grid scheduling'),
('wuykjtQ', 'data transfer planning'),
('rUHfmpQ', 'Metaheuristics'),
('O-rI2E0', 'Institute for Analytics and Data Science'),
('rUHfmpQ', 'Hyper-heuristics'),
('wuykjtQ', 'metaheuristics'),
('aLVpD6U', 'artificial intelligence'),
('VjJm3zY', 'Hyper-heuristics'),
('aLVpD6U', 'evolutionary computation'),
('VjJm3zY', 'Evolutionary Computation'),
('aLVpD6U', 'intelligent learning'),
('VjJm3zY', 'Scheduling'),
('rUHfmpQ', 'Timetabling'),
('wtdCugI', 'Operational Research'),
('wtdCugI', 'Scheduling'),
('wtdCugI', 'Metaheuristics'),
('VjJm3zY', 'Sport'),
('rUHfmpQ', 'Scheduling'),
('T8jdVWw', 'heuristic algorithms'),
('VjJm3zY', 'Metaheuristics'),
('wtdCugI', 'Hyper-heuristics'),
('DubfkQ8', 'Scheduling'),
('LJCwMOE', 'Scheduling'),
('wtdCugI', 'Optimisation'),
('9jBS1tE', 'Evolutionary Algorithms'),
('9jBS1tE', 'Fitness Landscapes'),
('LJCwMOE', 'Operational Research'),
('DubfkQ8', 'Computational Intelligence'),
('T8jdVWw', 'evolutionary algorithms'),
('LJCwMOE', 'Timetabling'),
('LJCwMOE', 'Resource Allocation'),
('DubfkQ8', 'Evolutionary Computation'),
('DubfkQ8', 'Timetabling'),
('9jBS1tE', 'Combinatorial Optimisation'),
('LJCwMOE', 'Optimisation'),
('9jBS1tE', 'Complex Adaptive Systems'),
('9jBS1tE', 'Hyper-heuristics'),
('T8jdVWw', 'combinatorial optimization'),
('DubfkQ8', 'Hyper-heuristics'),
('T8jdVWw', 'operations research'),
('T8jdVWw', 'multi-objective optimization'),
('fwrBs0w', 'Quantum Field Theory'),
('fwrBs0w', 'String Theory'),
('fwrBs0w', 'Elementary Particles'),
('fwrBs0w', 'Fundamental Interactions'),
('fwrBs0w', 'Integrable Systems'),
('CilK624', 'operations research'),
('CilK624', 'transportation'),
('CilK624', 'logistics'),
('CilK624', 'energy'),
('CrHB1LQ', 'Optimisation'),
('CrHB1LQ', 'Metaheuristics'),
('CrHB1LQ', 'Collective Adaptive Systems'),
('ahbK6JU', 'scheduling'),
('ahbK6JU', 'timetabling'),
('ahbK6JU', 'radiotherapy planning'),
('ahbK6JU', 'case-based reasoning'),
('fIES7P0', 'Artificial Intelligence'),
('ahbK6JU', 'meta-heuristics'),
('fIES7P0', 'Metaheuristics'),
('fIES7P0', 'Operations Research'),
('fIES7P0', 'Business Analytics'),
('fIES7P0', 'Timetabling'),
('iZIjJ80', 'genetic programming'),
('iZIjJ80', 'hyper_heuristics'),
('iZIjJ80', 'natural_computation'),
('iZIjJ80', 'optimisation'),
('tq9MQlQ', 'hyper-heuristics'),
('xY6DIik', 'lean software'),
('tq9MQlQ', 'metaheuristics'),
('tq9MQlQ', 'cross-domain search'),
('tq9MQlQ', 'optimisation'),
('tq9MQlQ', 'fuzzy logic (type I & II)'),
('MuJmTFU', 'Algorithm Design'),
('MuJmTFU', 'Machine Learning'),
('MuJmTFU', 'Evolutionary Computation'),
('MuJmTFU', 'Hyper-heuristics'),
('SR_Ohsc', 'Theoretical Computer Science'),
('SR_Ohsc', 'Discrete Mathematics'),
('L_9C4v0', 'Computational Intelligence'),
('L_9C4v0', 'Fuzzy Logic'),
('JR5Dwxo', 'parameterized algorithms and complexity'),
('JR5Dwxo', 'graph theory and algorithms'),
('JR5Dwxo', 'combinatorics'),
('JR5Dwxo', 'constraint satisfaction problems'),
('JR5Dwxo', 'acess con'),
('6YYJk1Q', 'Operations Research'),
('lApWCPU', 'nature-inspired computing'),
('6YYJk1Q', 'Combinatorial Optimization'),
('6YYJk1Q', 'Approximation Algorithms'),
('lApWCPU', 'evolutionary computation'),
('6YYJk1Q', 'Metaheuristics'),
('lApWCPU', 'hyper-heuristics'),
('6YYJk1Q', 'Transportation'),
('piEJXtc', 'Hydroinformatics'),
('piEJXtc', 'Water resources systems'),
('lApWCPU', 'bioinformatics'),
('lApWCPU', 'hydroinformatics'),
('piEJXtc', 'Water engineering'),
('piEJXtc', 'Floods'),
('piEJXtc', 'Water resources'),
('gx1FuhU', 'Natural Computing'),
('gx1FuhU', 'Machine Intellgience'),
('gx1FuhU', 'Data Mining'),
('gx1FuhU', 'Medical Informatics'),
('gx1FuhU', 'Synthetic Biology'),
('R2BQ93Y', 'Operational Research'),
('R2BQ93Y', 'Combinatorial Optimisation'),
('R2BQ93Y', 'Artificial Intelligence'),
('R2BQ93Y', 'Graph Theory'),
('l5kULqg', 'optimization'),
('l5kULqg', 'timetabling'),
('l5kULqg', 'scheduling'),
('l5kULqg', 'heuristics'),
('l5kULqg', 'metaheuristics'),
('BdIzyWA', 'Artificial Intelligence'),
('Je4hzio', 'Evolutionary Algorithms'),
('BdIzyWA', 'Robotics'),
('Je4hzio', 'Hyper-Heuristics'),
('Je4hzio', 'Optimization'),
('zacGWTE', 'Hyper-heuristics'),
('zacGWTE', 'machine learning'),
('Ryw9-YE', 'Machine Learning'),
('Ryw9-YE', 'Hyper-Heuristics'),
('zacGWTE', 'Intelligent systems'),
('Je4hzio', 'Dynamic single and multi objective optimization'),
('Ryw9-YE', 'Neural Network'),
('Ryw9-YE', 'Operation Research'),
('ph85-E4', 'Artificial Intelligence'),
('Ryw9-YE', 'Forecasting'),
('ph85-E4', 'Hyper-heuristics'),
('ph85-E4', 'Operational Research'),
('ph85-E4', 'Metaheuristics'),
('ph85-E4', 'Evolutionary Computation'),
('91SV1NU', 'Metaheuristics'),
('sLe_-6o', 'Image Processing'),
('sLe_-6o', 'Pattern Recognition'),
('V-Prhwo', 'Multicast routing'),
('KUAqMBk', 'timetabling'),
('V-Prhwo', 'Metaheuristics'),
('V-Prhwo', 'Operations research'),
('d19z9lw', 'Operational Research'),
('KUAqMBk', 'course timetabling'),
('91SV1NU', 'Search Based Software Engineering'),
('91SV1NU', 'Symbolic Computation'),
('KUAqMBk', 'student sectioning'),
('KUAqMBk', 'examination timetabling'),
('91SV1NU', 'Machine Learning'),
('KUAqMBk', 'local search'),
('d19z9lw', 'meta-heuristics'),
('d19z9lw', 'scheduling'),
('d19z9lw', 'transportation'),
('Li2XffY', 'artificial intelligence'),
('qvxemZw', 'Nature Inspired Computing'),
('Li2XffY', 'scheduling'),
('qvxemZw', 'Heuristics'),
('mfZtyl4', 'Complex Systems'),
('mfZtyl4', 'Operations Research'),
('Fw0RC2I', 'Artificial Intelligence'),
('qvxemZw', 'Optimization'),
('Li2XffY', 'optimization'),
('Li2XffY', 'cloud computing'),
('Li2XffY', 'grid computing'),
('mfZtyl4', 'Agent-Based Modelling'),
('PZiBuYw', 'plant ecology'),
('PZiBuYw', 'spatial patterns'),
('mfZtyl4', 'Simulation'),
('-VJvHsw', 'HPC'),
('-VJvHsw', 'GPGPU'),
('mfZtyl4', 'Human Behaviour Modelling'),
('y5-LP4U', 'GRID scheduling'),
('PZiBuYw', 'spatial ecology'),
('G0yAJAw', 'Artificial Intelligence'),
('G0yAJAw', 'Operations Research'),
('G0yAJAw', 'Optimisation'),
('PZiBuYw', 'ecological modelling'),
('G0yAJAw', 'Scheduling'),
('Fw0RC2I', 'Robot Intelligence'),
('G0yAJAw', 'Timetabling'),
('PZiBuYw', 'hemiparasitic plants'),
('-VJvHsw', 'IR'),
('8Bkxdx4', 'Speech Processing'),
('bamwf6U', 'artificial intelligence'),
('-VJvHsw', 'CG'),
('Fw0RC2I', 'Cognitive Robotics'),
('8Bkxdx4', 'Multimedia Signal Processing'),
('8Bkxdx4', 'Pattern Recognition'),
('Fw0RC2I', 'Multirobot Systems'),
('41m5j04', 'Artificial Intelligence'),
('Fw0RC2I', 'Game AI'),
('33ftCdE', 'Computational Intelligence'),
('bamwf6U', 'robotics'),
('BFNgQiA', 'Genetic Programming'),
('bamwf6U', 'evolutionary computation'),
('BFNgQiA', 'Evolutionary Computation'),
('12csu04', 'Computer Vision'),
('bamwf6U', 'intelligent transportation systems'),
('BFNgQiA', 'Machine Learning'),
('33ftCdE', 'Fuzzy Logic'),
('12csu04', 'Computer Graphics'),
('BFNgQiA', 'Artificial Intelligence'),
('XA85OFQ', 'Cybersecurity'),
('lckGfAI', 'Physics'),
('lckGfAI', 'Computer Science'),
('XA85OFQ', 'e-infrastructure'),
('lckGfAI', 'Distributed computing'),
('XA85OFQ', 'distributed systems'),
('XA85OFQ', 'computer networks'),
('lckGfAI', 'High Performance Computing'),
('CNGCee4', 'Parallel Computing'),
('CNGCee4', 'Scheduling'),
('CNGCee4', 'Web Mining'),
('CNGCee4', 'Performance Evaluation'),
('CNGCee4', 'Grid Computing'),
('PEstzs0', 'umělá inteligence'),
('N-1KB5s', 'Optimization'),
('N-1KB5s', 'Metaheuristics'),
('N-1KB5s', 'Artificial Intelligence'),
('5NCjEDI', 'Optimizacion heuristica'),
('5NCjEDI', 'Busqueda Autonoma'),
('L8QLk1w', 'Mathematical Modeling'),
('eY9cdIY', 'Evolutionary Computation'),
('L8QLk1w', 'Math Biology'),
('5NCjEDI', 'hiperheuristicas'),
('eY9cdIY', 'Metaheuristics'),
('5NCjEDI', 'realidad aumentada'),
('N1dGivs', 'Evolutionary Computation'),
('eY9cdIY', 'Complex Networks'),
('N1dGivs', 'Optimization'),
('N1dGivs', 'Hyper-heuristics'),
('N1dGivs', 'Bin packing'),
('N1dGivs', 'Statistical analysis'),
('6vgFGvY', 'Evolutionary Computation'),
('6vgFGvY', 'Networks'),
('PDT1C-Q', 'optimization'),
('PDT1C-Q', 'metaheuristics'),
('PDT1C-Q', 'evolutionary algorithm'),
('PDT1C-Q', 'fitness landscape'),
('_4AykOk', 'Decision making'),
('PDT1C-Q', 'complex systems'),
('6vgFGvY', 'Evolutionary Game Theory'),
('_4AykOk', 'Evolutionary game theory'),
('xQ7IpL8', 'Artificial Intelligence'),
('0yWrqXA', 'Hyper-heuristics'),
('xQ7IpL8', 'Games'),
('_4AykOk', 'Hyper-heuristics'),
('6vgFGvY', 'Metaheuristics'),
('_4AykOk', 'Fuzzy logic'),
('0yWrqXA', 'Evolutionary Computation'),
('xQ7IpL8', 'Combinatorial Optimisation'),
('0yWrqXA', 'Optimisation'),
('WPvaGSw', 'Optimization'),
('ng5HJBY', 'Transport Scheduling'),
('ng5HJBY', 'Metaheuristics'),
('ng5HJBY', 'Multi-Objective Optimisation'),
('WPvaGSw', 'metaheuristics and scheduling'),
('ng5HJBY', 'Machine Learning'),
('0yWrqXA', 'Metaheuristics'),
('xQ7IpL8', 'Heuristics'),
('z7_EOOs', 'Artificial Intelligence'),
('0yWrqXA', 'Scheduling'),
('v_2mtVA', 'Evolutionary Computation'),
('BzjDlpU', 'Computer Science'),
('ng5HJBY', 'Search-Based Software Engineering'),
('v_2mtVA', 'Genetic Programming'),
('v_2mtVA', 'Machine Learning'),
('v_2mtVA', 'Data Mining'),
('77zqgOc', 'Evolution'),
('v_2mtVA', 'Knowledge Discovery from Data'),
('BzjDlpU', 'SBSE'),
('CepcZIU', 'Operational research'),
('77zqgOc', 'Social'),
('MR9vRDw', 'Control Engineering'),
('BzjDlpU', 'Combinatorial Optimization Problems'),
('MR9vRDw', 'Thermoacoustics'),
('CepcZIU', 'combinatorial optimisation'),
('MR9vRDw', 'Optimization'),
('MR9vRDw', 'Distributed Parameter Systems'),
('MR9vRDw', 'Optimal Control'),
('CepcZIU', 'heuristics'),
('CepcZIU', 'nurse rostering'),
('CepcZIU', 'timetabling'),
('0VzUxIc', 'Artificial Intelligence'),
('0VzUxIc', 'Local Search'),
('77zqgOc', 'Complex Systems'),
('0VzUxIc', 'Evolutionary Computation'),
('77zqgOc', 'Economy'),
('77zqgOc', 'Chemical Communication'),
('Jz8DDVA', 'Artificial Intelligence'),
('Jz8DDVA', 'Neural Networks'),
('Jz8DDVA', 'Games'),
('Jz8DDVA', 'Pattern Recognition'),
('0VzUxIc', 'Neural Networks'),
('Q_aReMI', 'Optimisation'),
('Q_aReMI', 'Metaheuristics'),
('Jz8DDVA', 'Evolutionary Computation'),
('QNcGZdQ', 'Artificial Intelligence'),
('QNcGZdQ', 'Computational Intelligence'),
('kpdGoqk', 'environmental engineering'),
('kpdGoqk', 'risk'),
('kpdGoqk', 'policy & regulation'),
('kpdGoqk', 'waste and resource management'),
('kpdGoqk', 'risk governance and resilience in utilities'),
('IW2QsUY', 'machine learning'),
('IW2QsUY', 'probabilistic graphical models'),
('IW2QsUY', 'reinforcement learning'),
('IHAmK_g', 'Optimisation'),
('IHAmK_g', 'Heuristics'),
('IHAmK_g', 'Artificial Intelligence'),
('IW2QsUY', 'smart cities'),
('IHAmK_g', 'Timetabling'),
('IW2QsUY', 'big data'),
('IHAmK_g', 'Physics'),
('pmeFzWM', 'Combinatorial Optimisation'),
('YNDtLbE', 'Leadership'),
('jQOCiPI', 'stream mining'),
('YNDtLbE', 'personality'),
('YNDtLbE', 'engagement'),
('YNDtLbE', 'decision making'),
('jQOCiPI', 'log analysis'),
('Rnb8M9A', 'Stability theory'),
('Rnb8M9A', 'Automotive'),
('Rnb8M9A', 'Communication Networks'),
('pGh242U', 'optimization'),
('jQOCiPI', 'security'),
('pGh242U', 'machine learning'),
('Rnb8M9A', 'Best effort algorithms'),
('m9O5tE8', 'Automatic Control'),
('m9O5tE8', 'Convex Optimization'),
('m9O5tE8', 'Dynamical Systems'),
('pGh242U', 'numerical analysis'),
('pGh242U', 'computer science'),
('pGh242U', 'big data'),
('2lpWTDY', 'Distributed Systems'),
('GPXp0s0', 'Stability Theory'),
('2lpWTDY', 'Mobility'),
('2lpWTDY', 'Crowdsourcing'),
('c6STH3Q', 'Programming'),
('grQumKc', 'Artificial Intelligence'),
('GPXp0s0', 'Robustness'),
('c6STH3Q', 'enterprise computing'),
('GPXp0s0', 'Switched Systems'),
('GPXp0s0', 'Large-Scale Systems'),
('c6STH3Q', 'image processing'),
('c6STH3Q', 'computer vision'),
('grQumKc', 'Event Processing'),
('c6STH3Q', 'optical character recognition'),
('2lpWTDY', 'Smart Cities'),
('LfmjF2U', 'Machine Learning'),
('LfmjF2U', 'Data Mining'),
('2lpWTDY', 'Urban Computing'),
('LfmjF2U', 'Big Data'),
('LfmjF2U', 'Ubiquitous Knowledge Discovery'),
('PHJokEQ', 'Data Mining'),
('PHJokEQ', 'Data Management'),
('LfmjF2U', 'Industry 4.0'),
('PHJokEQ', 'Big Data'),
('q1HlbIU', 'Machine learning'),
('PHJokEQ', 'Web Mining'),
('PHJokEQ', 'Sensor Networks'),
('P_9a7I0', 'Computer Science'),
('6QYH6S0', 'Optimization'),
('6QYH6S0', 'Logistics'),
('6QYH6S0', 'Machine Learning'),
('6QYH6S0', 'Parameter Tuning'),
('6QYH6S0', 'Artificial Intelligence'),
('35wViPw', 'Artificial Intelligence'),
('P15-SKk', 'Type theory'),
('P15-SKk', 'lambda calculus'),
('P15-SKk', 'computational complexity'),
('dCBk3oI', 'mobile'),
('P15-SKk', 'context aware computing'),
('P15-SKk', 'mobile computing'),
('35wViPw', 'Operation Research'),
('hCzS7N8', 'Scheduling'),
('SckkmZ8', 'Artificial Intelligence'),
('SdnXZXU', 'Constraint Programming'),
('hCzS7N8', 'Timetabling'),
('35wViPw', 'Timetabling'),
('SdnXZXU', 'Modelling and Reformulation'),
('dCBk3oI', 'ir'),
('hCzS7N8', 'Metaheuristics'),
('SdnXZXU', 'Hybrid Metaheuristics'),
('hCzS7N8', 'Local search'),
('dCBk3oI', 'context'),
('QEGb1ec', 'Type Theory'),
('QEGb1ec', 'Computer Aided Formal Reasoning'),
('QEGb1ec', 'Mobile Systems'),
('iScun_Q', 'Shiftwork'),
('RoAXDw0', 'Artificial intelligence'),
('iScun_Q', 'workingtime'),
('iScun_Q', 'personnel staffing'),
('iScun_Q', 'shift scheduling'),
('QEGb1ec', 'Distributed Systems'),
('iScun_Q', 'shift rostering'),
('S1-L87U', 'Applied Statistics'),
('yCR2h98', 'visual programming languages'),
('S1-L87U', 'Likelihood Methods'),
('yCR2h98', 'mobile software development'),
('S1-L87U', 'Statistical Computing'),
('RoAXDw0', 'Complex systems'),
('yCR2h98', 'agile software development methods'),
('BF3B4KA', 'medical informatics'),
('BF3B4KA', 'telemedicine'),
('yCR2h98', 'agile usability engineering'),
('yCR2h98', 'heur'),
('35owm6E', 'Artificial Intelligence'),
('2wvJC6I', 'Information retrieval evaluation'),
('35owm6E', 'Metaheuristics'),
('2wvJC6I', 'Information retrieval and access'),
('19qSWk8', 'I am interested in theory in general..Mainly in   Approximation algorithms'),
('BF3B4KA', 'information retrieval'),
('19qSWk8', 'and in lower bounds on approximation'),
('35owm6E', 'Constraint Satisfaction'),
('2wvJC6I', 'context-aware and mobile systems'),
('BF3B4KA', 'mobile systems'),
('35owm6E', 'Scheduling'),
('2wvJC6I', 'scholarly publishing'),
('35owm6E', 'Timetabling'),
('BF3B4KA', 'semantic web'),
('fsWb7O4', 'Operational Research'),
('fsWb7O4', 'Combinatorial Optimisation'),
('fsWb7O4', 'Metaheuristics'),
('fiYbAFc', 'Artificial Intelligence'),
('fiYbAFc', 'Bioinformatics'),
('fiYbAFc', 'Logic Programming'),
('fiYbAFc', 'Constraint Programming'),
('i8JsL7Q', 'Artificial Intelligence'),
('ys89Ujo', 'sum of squares hierarchy'),
('hyFIq8U', 'computer science'),
('ys89Ujo', 'approximation algorithms'),
('hyFIq8U', 'artificial intelligence'),
('hyFIq8U', 'evolutionary computing'),
('NMuDAe0', 'Evolutionary Computation'),
('NMuDAe0', 'Evolutionary Robotics'),
('NMuDAe0', 'Parameter Tuning'),
('NMuDAe0', 'Swarm Robotics'),
('hyFIq8U', 'artificial immune systems'),
('hyFIq8U', 'self-organising systems'),
('PwYT6EM', 'Swarm Intelligence'),
('q_47tpE', 'multi-objective optimization'),
('PwYT6EM', 'Swarm Robotics'),
('q_47tpE', 'automatic configuration'),
('PwYT6EM', 'Metaheuristics'),
('q_47tpE', 'optimization'),
('PwYT6EM', 'Computational Intelligence'),
('q_47tpE', 'operations research'),
('q_47tpE', 'artificial intelligence'),
('nltQkfg', 'Evolution'),
('ul-dSQQ', 'Artificial intelligence'),
('nltQkfg', 'Multiobjective Optimization'),
('GrCk6Wo', 'Evolutionary Computation'),
('nltQkfg', 'Decision Theory'),
('ul-dSQQ', 'swarm intelligence'),
('GrCk6Wo', 'Machine Learning'),
('h6Cc4nE', 'high performance computing'),
('h6Cc4nE', 'multiobjective optimization'),
('KGlyGUc', 'Artificial Intelligence'),
('nltQkfg', 'Game Theory'),
('RUfo3Ko', 'Timetabling'),
('nltQkfg', 'Machine Learning'),
('h6Cc4nE', 'computer engineering'),
('RUfo3Ko', 'Metaheuristics'),
('KGlyGUc', 'Optimization'),
('SCCwW3Y', 'ant colony optimization'),
('SCCwW3Y', 'computational intelligence'),
('KGlyGUc', 'Games'),
('SCCwW3Y', 'metaheuristics'),
('SCCwW3Y', 'swarm robotics'),
('SCCwW3Y', 'vehicle routing'),
('h6Cc4nE', 'parallel evolutionary computation'),
('LkiweUg', 'Multiobjective optimization'),
('LkiweUg', 'Algorithms'),
('RUfo3Ko', 'Experimental Analysis'),
('h6Cc4nE', 'neural processing'),
('LkiweUg', 'Combinatorial Optimization'),
('RUfo3Ko', 'Operations Research'),
('LkiweUg', 'Operations Research'),
('RUfo3Ko', 'Graph Coloring'),
('gFxqc64', 'complex systems'),
('gFxqc64', 'distributed computing'),
('gFxqc64', 'evolutionary algorithms'),
('gFxqc64', 'computational intelligence'),
('gFxqc64', 'volunteer computing'),
('OrODXkA', 'Stochastic Local Search'),
('OrODXkA', 'Metaheuristics'),
('OrODXkA', 'Swarm Intelligence'),
('OrODXkA', 'Computational Intelligence'),
('OrODXkA', 'Optimization'),
('d_lhXyk', 'Operations Research'),
('rFW52kU', 'Operations Research'),
('o4n0Kvg', 'operations research'),
('rFW52kU', 'Transportation'),
('rFW52kU', 'Logistics & Supply Chain'),
('6iUyQhM', 'Operations Research'),
('6iUyQhM', 'Combinatorial Optimization'),
('rFW52kU', 'Energy Systems'),
('o4n0Kvg', 'transportation'),
('6iUyQhM', 'Integer Programming'),
('6iUyQhM', 'Transportation'),
('o4n0Kvg', 'combinatorial optimization'),
('o4n0Kvg', 'distribution management'),
('o4n0Kvg', 'mathematical programming'),
('qbO0xwU', 'Vehicle Routing'),
('FCGwMg0', 'Operations research'),
('qbO0xwU', 'Scheduling'),
('FCGwMg0', 'logistics'),
('qbO0xwU', 'Operations Research'),
('gpk1HxA', 'communication networks'),
('qbO0xwU', 'Combinatorial Optimization'),
('FCGwMg0', 'transportation'),
('FCGwMg0', 'metaheuristics'),
('gpk1HxA', 'wireless networks'),
('qbO0xwU', 'Integer Programming'),
('gpk1HxA', 'wireless mesh networks'),
('gpk1HxA', 'vehicular networks'),
('WS_O3bI', 'computer science'),
('C_zcTIA', 'Operations research'),
('gpk1HxA', 'optical networks'),
('WS_O3bI', 'operations research'),
('C_zcTIA', 'freight transportation'),
('spq_Fnc', 'operations research'),
('DVZF0PI', 'Constraint Programming'),
('spq_Fnc', 'combinatorial optimization'),
('DVZF0PI', 'Column Generation'),
('WS_O3bI', 'mathematical  programming'),
('C_zcTIA', 'logistics'),
('spq_Fnc', 'mathematical programming'),
('WS_O3bI', 'combinatorial optimization'),
('C_zcTIA', 'combinatorial optimization'),
('C_zcTIA', 'parallel computation'),
('spq_Fnc', 'logistics'),
('WS_O3bI', 'pricing'),
('DVZF0PI', 'Vehicle Routing'),
('spq_Fnc', 'transportation'),
('o4a20zs', 'mathematics'),
('C_zesQg', 'graph theory'),
('C_zesQg', 'operations research'),
('DVZF0PI', 'Personnel Scheduling'),
('C_zesQg', 'combinatorial optimization'),
('m_w7RAI', 'Constraint Programming'),
('DVZF0PI', 'Shift Scheduling'),
('o4a20zs', 'computer science'),
('C_zesQg', 'algorithmics'),
('o4a20zs', 'combinatorial optimization'),
('x55ZD5w', 'operations research'),
('x55ZD5w', 'transportation'),
('x55ZD5w', 'combinatorial optimization'),
('x55ZD5w', 'mathematical programming');

-- --------------------------------------------------------

--
-- 表的结构 `institutions`
--

CREATE TABLE `institutions` (
  `scholarID` varchar(255) CHARACTER SET utf8 NOT NULL,
  `institution` varchar(255) CHARACTER SET utf8 NOT NULL
) ENGINE=InnoDB DEFAULT CHARSET=latin1;

--
-- 转存表中的数据 `institutions`
--

INSERT INTO `institutions` (`scholarID`, `institution`) VALUES
('G0yAJAw', 'School of Computer Science, University of Nottingham'),
('iGI2_Cw', 'PhD - Data & Computer Scientist'),
('pDMC1pk', 'Senior Research Fellow, University of Nottingham'),
('Ew8TNsM', 'IBM Research'),
('8maqKdg', 'Lecturer of Computer Science and Operational Research'),
('4WQktm8', 'Tecnológico de Monterrey'),
('9jBS1tE', 'Senior Lecturer (Associate Professor) , Computing Science and Mathematics, University of Stirling'),
('rUHfmpQ', 'Queen Mary University of London'),
('wuykjtQ', 'Masaryk University, Czech Republic'),
('O-rI2E0', 'University of Essex'),
('aLVpD6U', 'Tecnológico de Monterrey'),
('T8jdVWw', 'University of Nottingham'),
('VjJm3zY', 'Provost, CEO and Pro-Vice Chancellor, University of Nottingham'),
('LJCwMOE', 'Senior Lecturer, Computer Science, Queen:s University'),
('wtdCugI', 'Cardiff University, School of Mathematics'),
('DubfkQ8', 'Associate Professor, University of Nottingham, UK'),
('fwrBs0w', 'Professor of Theoretical Physics, Leibniz University Hannover'),
('CilK624', 'Professor of Operations Research, École Polytechnique'),
('CrHB1LQ', 'Edinburgh Napier University'),
('ahbK6JU', 'Professor of Operational Research, Nottingham University Business School'),
('fIES7P0', 'Associate Professor of Information Technology, University of Udine'),
('iZIjJ80', 'Lecturer in Big Data, Department of Mathematics and Computing Science Stirling University, FK9 4LA'),
('xY6DIik', 'Senior Lecturer, Computer Science, Queen:s University Belfast'),
('tq9MQlQ', 'University of Nottingham'),
('MuJmTFU', 'Assoc. Prof., Nanjing University of Aeronautics and Astronautics'),
('SR_Ohsc', 'Lecturer, Department of Computer Science and Information Systems, Birkbeck, University of London'),
('JR5Dwxo', 'Professor of Computer Science, Royal Holloway, University of London'),
('L_9C4v0', 'University of Nottingham'),
('lApWCPU', 'Senior Lecturer in Computer Science, University of Exeter, UK'),
('6YYJk1Q', 'Professor of Operations Research, Simon Fraser University'),
('piEJXtc', 'Professor, Centre for Water Systems, University of Exeter'),
('gx1FuhU', 'Professor of Computing Science and Synthetic Biology, Newcastle University'),
('R2BQ93Y', 'Research Assistant. Computing and Mathematics, University of Stirling'),
('Je4hzio', 'Research Assistant, Computer Engineering, Marmara Üniversitesi'),
('l5kULqg', 'Senior Lecturer, Decision Science Department, School of Quantitative Sciences, Universiti Utara'),
('BdIzyWA', 'Research Assistant, Computer Engineering, Istanbul Technical University'),
('zacGWTE', 'Unknown affiliation'),
('Ryw9-YE', 'Information Systems Dept., ITS Indonesia/PhD Student ASAP, CS, Univ. of Nottingham'),
('ph85-E4', 'Queen Mary University of London'),
('d19z9lw', 'Associate Professor in Operational Research'),
('91SV1NU', 'Senior Research Fellow, University of York'),
('sLe_-6o', 'İstanbul Teknik Üniversitesi, Bilişim Enstitüsü'),
('V-Prhwo', 'Research Fellow, Masaryk University'),
('G0yAJAw', 'School of Computer Science, University of Nottingham'),
('KUAqMBk', 'Purdue University'),
('Bm1Tcms', 'Koc University'),
('Li2XffY', 'Masaryk University / CESNET'),
('Fw0RC2I', 'Associate Professor of Computer Engineering, Istanbul Technical University'),
('qvxemZw', 'Associate Professor at Computer Engineering Department, Istanbul Technical University'),
('-VJvHsw', 'Mälardalens University'),
('mfZtyl4', 'Assistant Professor, School of Computer Science, The University of Nottingham'),
('8Bkxdx4', 'Associate Professor of Computer Engineering, Koc University'),
('PZiBuYw', 'Department of Botany, University of South Bohemia'),
('12csu04', 'Koc University'),
('41m5j04', 'Professor, Electrical Eng. & Computer Science, Syracuse Univ.'),
('bamwf6U', 'Project scientist'),
('33ftCdE', 'Professor of Operational Research and Computer Science, University of Nottingham'),
('y5-LP4U', 'Faculty of Informatics, Masaryk University'),
('BFNgQiA', 'Reader, University of York'),
('XA85OFQ', 'Professor of Informatics, Masaryk University'),
('lckGfAI', 'Brookhaven National Laboratory'),
('CNGCee4', 'ISTI - CNR'),
('PEstzs0', 'Univerzita Karlova v Praze'),
('N-1KB5s', 'Postdoctoral Research Assistant, University of Stirling'),
('eY9cdIY', 'Postdoctoral Research Assistant, University of Stirling'),
('L8QLk1w', 'Professor Applied Mathematics, Universidad Simón Bolívar'),
('5NCjEDI', 'Doctor en Ciencias en Computacion'),
('N1dGivs', 'Worked as a Math, Statistics and Computer Science professor (ITESM)'),
('6vgFGvY', 'Professor of Computer Science, Faculty of Business and Economics (HEC), University of Lausanne'),
('PDT1C-Q', 'Université du Littoral Côte d:Opale'),
('_4AykOk', 'School of Computer Science, University of Stirling'),
('xQ7IpL8', 'Professor of Computer Science and Management, University of York'),
('0yWrqXA', 'Researcher at STRC, Queensland University of Technology'),
('BzjDlpU', 'Assistant Professor, University of Málaga'),
('z7_EOOs', 'University of Sussex'),
('0VzUxIc', 'Professor of Computer Science,  Colorado State University'),
('WPvaGSw', 'Associate Professor of Computer Science'),
('ng5HJBY', 'Reader of Computer Science, University of Stirling, UK'),
('v_2mtVA', 'Kansas State University, University of Nottingham, GE Global Research'),
('CepcZIU', 'Computer Science, KU Leuven'),
('77zqgOc', 'Universidad Simon Bolivar'),
('szhVlZE', 'Lehigh University'),
('QNcGZdQ', 'A/Professor of Computer Science, Edith Cowan University'),
('lP1fLaM', 'Telecom SudParis'),
('Jz8DDVA', 'Professor of Computer Science, University of Essex'),
('MR9vRDw', 'IBM Research'),
('Q_aReMI', 'Research Fellow, The University of Nottingham'),
('ERQSOF8', 'Unknown affiliation'),
('kpdGoqk', 'Pro-Vice-Chancellor, School of Water, Energy and Environment'),
('IW2QsUY', 'Senior Researcher, Technicolor'),
('IHAmK_g', 'gewoon hoogleraar computerwetenschappen, KU Leuven'),
('YNDtLbE', 'London School of Economics and Political Science'),
('jQOCiPI', 'Researcher, TU Dortmund University'),
('pmeFzWM', 'Universiti Kebangsaan Malaysia'),
('Rnb8M9A', 'Chair of Control Engineering and Decision Science, UCD'),
('YQIWsa0', 'Napier University'),
('qKQD-2c', 'Lehigh University'),
('grQumKc', 'University of Piraeus, NCSR Demokritos'),
('LfmjF2U', 'Professor of Computer Science, TU Dortmund University'),
('2lpWTDY', 'Associate Professor, Athens University of Economics and Business, AUEB'),
('pGh242U', 'University of Edinburgh'),
('PHJokEQ', 'National and Kapodistrian University of Athens'),
('m9O5tE8', 'Assistant Professor, School of Mechanical Engineering, State University of Campinas'),
('GPXp0s0', 'Professor for Dynamical Systems, University of Passau'),
('c6STH3Q', 'Senior Engineer, Montvieux Ltd'),
('q1HlbIU', 'Professor of Electrical Engineering, Technion'),
('P_9a7I0', 'Humboldt-Universität zu Berlin'),
('6QYH6S0', 'NICTA / CSIRO Data61 & the Australian National University'),
('P15-SKk', 'Associate Professor of Computer Science, University of Udine'),
('35wViPw', 'DIEGM, University of Udine'),
('hCzS7N8', 'Professor of Computer Science, DPIA, University of Udine, Italy'),
('dCBk3oI', 'Università di Udine'),
('SckkmZ8', 'Università Ca: Foscari, Venezia'),
('SdnXZXU', 'Researcher at NICTA and Monash University'),
('QEGb1ec', 'Assistant Professor, University of Udine'),
('iScun_Q', 'ass. Prof. DI Dr.'),
('RoAXDw0', 'Dept. of Computer Science and Engineering (DISI) - Università di Bologna'),
('2wvJC6I', 'Associate professor of Computer Science and Information Technology'),
('BF3B4KA', 'Assistant Professor of Medical Informatics, University of Udine'),
('S1-L87U', 'Associate Professor of Statistics, University of Udine'),
('yCR2h98', 'Professor of Computer Science, Technische Universität Graz, Austria'),
('35owm6E', 'Priv. Dozent and Senior Scientist, Vienna University of Technology'),
('19qSWk8', 'Professor computer science'),
('fiYbAFc', 'Professor of Computer Science, University of Udine'),
('fsWb7O4', 'Lecturer in Operational Research, Cardiff University'),
('hyFIq8U', 'Edinburgh Napier University'),
('i8JsL7Q', 'University of Glasgow'),
('ys89Ujo', 'IDSIA'),
('PwYT6EM', 'FNRS Research Director, IRIDIA, Université Libre de Bruxelles'),
('NMuDAe0', 'Professor of Computational Intelligence, VU University Amsterdam'),
('GrCk6Wo', 'Senior Researcher, INRIA'),
('q_47tpE', 'Lecturer, Manchester Business School, University of Manchester, UK'),
('nltQkfg', 'School of Computer Science, University of Birmingham'),
('RUfo3Ko', 'University of Southern Denmark'),
('h6Cc4nE', 'University Granada'),
('ul-dSQQ', 'IRIDIA, Université Libre de Bruxelles'),
('Ti_7MKw', 'University of Granada, University of Jaén'),
('ScDJx68', 'Senior Researcher, University of Szeged'),
('KGlyGUc', 'WWU Münster'),
('SCCwW3Y', 'IDSIA Istituto Dalle Molle USI-SUPSI, Lugano, Switzerland'),
('LkiweUg', 'Assistant Professor, University of Coimbra'),
('gFxqc64', 'Professor of Computer Architecture, University of Granada'),
('OrODXkA', 'Senior Research Associate of F.R.S.-FNRS, Université Libre de Bruxelles (ULB)'),
('d_lhXyk', 'Senior Operations Research Analyst, Clear Destination'),
('6iUyQhM', 'CRIStAL and Centrale Lille, France'),
('o4n0Kvg', 'HEC Montréal and CIRRELT'),
('rFW52kU', 'Professor and Reseach Chair,  Embry-Riddle Aeronautical University'),
('C_zcTIA', 'ESG, UQAM and CIRRELT'),
('FCGwMg0', 'Professor in Operations Research, Troyes University of Technology'),
('gpk1HxA', 'professor of computer science, university of montreal'),
('qbO0xwU', 'Professor, PUC-Rio'),
('WS_O3bI', 'Université Libre de Bruxelles'),
('vj-4SjY', 'Professor, HES-SO, HEIG-VD'),
('DVZF0PI', 'Professor, CIRRELT - École Polytechnique de Montréal'),
('C_zesQg', 'professeur, Polytechnique Montréal'),
('spq_Fnc', 'HEC Montréal'),
('o4a20zs', 'Professor of Operations Research, University of Bologna'),
('ebZKrLU', 'Université Laval (Canada)'),
('m_w7RAI', 'Professor, École Polytechnique de Montréal -- CIRRELT'),
('x55ZD5w', 'Ecole Nationale Supérieure des Mines de Saint-Etienne');

-- --------------------------------------------------------

--
-- 表的结构 `nodes`
--

CREATE TABLE `nodes` (
  `scholarID` varchar(256) CHARACTER SET utf8 NOT NULL
) ENGINE=InnoDB DEFAULT CHARSET=utf8 COLLATE=utf8_bin;

--
-- 转存表中的数据 `nodes`
--

INSERT INTO `nodes` (`scholarID`) VALUES
('G0yAJAw'),
('aLVpD6U'),
('fwrBs0w'),
('wtdCugI'),
('4WQktm8'),
('O-rI2E0'),
('T8jdVWw'),
('pDMC1pk'),
('DubfkQ8'),
('9jBS1tE'),
('ahbK6JU'),
('CrHB1LQ'),
('VjJm3zY'),
('rUHfmpQ'),
('iGI2_Cw'),
('Ew8TNsM'),
('LJCwMOE'),
('CilK624'),
('wuykjtQ'),
('fIES7P0'),
('8maqKdg');

-- --------------------------------------------------------

--
-- 表的结构 `papercoauthors`
--

CREATE TABLE `papercoauthors` (
  `paperTitle` varchar(255) CHARACTER SET utf8 NOT NULL,
  `paperAuthors` varchar(255) CHARACTER SET utf8 NOT NULL
) ENGINE=InnoDB DEFAULT CHARSET=latin1;

-- --------------------------------------------------------

--
-- 表的结构 `papers`
--

CREATE TABLE `papers` (
  `paperName` varchar(512) CHARACTER SET utf8 NOT NULL,
  `author` varchar(256) CHARACTER SET utf8 NOT NULL,
  `yearPublished` int(11) DEFAULT NULL,
  `numberOfCitations` int(11) DEFAULT '0'
) ENGINE=InnoDB DEFAULT CHARSET=utf8 COLLATE=utf8_bin;

-- --------------------------------------------------------

--
-- 表的结构 `profile`
--

CREATE TABLE `profile` (
  `aName` varchar(255) CHARACTER SET utf8 NOT NULL,
  `NumPaper` int(11) NOT NULL,
  `hIndex` int(11) NOT NULL,
  `nation` varchar(255) CHARACTER SET utf8 DEFAULT NULL,
  `authorID` varchar(255) CHARACTER SET utf8 NOT NULL DEFAULT ''
) ENGINE=InnoDB DEFAULT CHARSET=utf8 COLLATE=utf8_bin;

--
-- 转存表中的数据 `profile`
--

INSERT INTO `profile` (`aName`, `NumPaper`, `hIndex`, `nation`, `authorID`) VALUES
('Andrew J Parkes', 112, 27, 'uk', 'G0yAJAw'),
('Shahriar Asta', 32, 6, 'non-uk', 'iGI2_Cw'),
('Matthew R. Hyde', 41, 19, 'uk', 'pDMC1pk'),
('Jakub Mareček', 55, 8, 'non-uk', 'Ew8TNsM'),
('José Carlos Ortiz-Bayliss', 27, 6, 'non-uk', '4WQktm8'),
('Daniel Karapetyan', 37, 11, 'uk', 'O-rI2E0'),
('Hana Rudová', 91, 19, 'non-uk', 'wuykjtQ'),
('Hugo Terashima-Marín', 91, 14, 'non-uk', 'aLVpD6U'),
('Ahmed Kheiri', 21, 9, 'uk', 'wtdCugI'),
('Dario Landa-Silva', 96, 21, 'uk', 'T8jdVWw'),
('Gabriela Ochoa', 136, 26, 'uk', '9jBS1tE'),
('Ender Özcan', 162, 26, 'uk', '8maqKdg'),
('Luca Di Gaspero', 94, 26, 'non-uk', 'fIES7P0'),
('Ben Paechter', 100, 24, 'uk', 'CrHB1LQ'),
('Barry McCollum', 179, 30, 'uk', 'LJCwMOE'),
('John R. Woodward', 75, 19, 'uk', 'iZIjJ80'),
('Rong Qu', 183, 33, 'uk', 'DubfkQ8'),
('Sanja Petrovic', 156, 38, 'uk', 'ahbK6JU'),
('Olaf Lechtenfeld', 230, 36, 'non-uk', 'fwrBs0w'),
('Professor Graham Kendall', 397, 52, 'non-uk', 'VjJm3zY'),
('Warren G. Jackson', 5, 2, 'uk', 'tq9MQlQ'),
('Peter Middleton', 57, 11, 'uk', 'xY6DIik'),
('Igor Razgon', 61, 16, 'uk', 'SR_Ohsc'),
('Mustafa Mısır', 53, 13, 'non-uk', 'MuJmTFU'),
('Edmund Kieran Burke', 524, 74, 'uk', 'rUHfmpQ'),
('Abraham P. Punnen', 142, 22, 'non-uk', '6YYJk1Q'),
('Ed Keedwell', 152, 20, 'uk', 'lApWCPU'),
('Simon Martin', 13, 6, 'uk', 'R2BQ93Y'),
('Jonathan M. Garibaldi', 319, 36, 'uk', 'L_9C4v0'),
('Syariza Abdul Rahman', 24, 4, 'non-uk', 'l5kULqg'),
('Mustafa Ersen', 14, 4, 'non-uk', 'BdIzyWA'),
('Berna Kiraz', 12, 5, 'non-uk', 'Je4hzio'),
('Patricia Ryser-Welch', 8, 2, 'uk', 'zacGWTE'),
('Raras Tyasnurita', 15, 1, 'non-uk', 'Ryw9-YE'),
('Pavel Troubil', 23, 5, 'non-uk', 'V-Prhwo'),
('Elif Bozkurt', 31, 7, 'non-uk', 'Bm1Tcms'),
('Abdulkerim Çapar', 21, 4, 'non-uk', 'sLe_-6o'),
('John H. Drake', 29, 7, 'uk', 'ph85-E4'),
('Jerry Swan', 67, 11, 'uk', '91SV1NU'),
('Tomáš Müller', 29, 10, 'non-uk', 'KUAqMBk'),
('Natalio Krasnogor', 283, 42, 'uk', 'gx1FuhU'),
('G. Gutin', 372, 36, 'uk', 'JR5Dwxo'),
('Dalibor Klusáček', 45, 11, 'non-uk', 'Li2XffY'),
('A. Sima Etaner - Uyar', 98, 15, 'non-uk', 'qvxemZw'),
('Djamila Ouelhadj', 58, 18, 'uk', 'd19z9lw'),
('Mgr. Šimon Tóth', 19, 4, 'non-uk', 'y5-LP4U'),
('Peer-Olaf Siebers', 72, 12, 'uk', 'mfZtyl4'),
('Pavel Fibich', 18, 7, 'non-uk', 'PZiBuYw'),
('Gabriele Capannini', 27, 8, 'non-uk', '-VJvHsw'),
('Michel Gendreau', 644, 84, 'non-uk', 'CilK624'),
('Gregory J. Barlow', 36, 13, 'non-uk', 'bamwf6U'),
('Sanem Sariel', 81, 15, 'non-uk', 'Fw0RC2I'),
('Andrew J Parkes', 112, 27, 'uk', 'G0yAJAw'),
('Engin Erzin', 124, 21, 'non-uk', '8Bkxdx4'),
('YUCEL YEMEZ', 124, 24, 'non-uk', '12csu04'),
('Chilukuri Mohan', 180, 29, 'non-uk', '41m5j04'),
('Nadarajen Veerapen', 24, 7, 'uk', 'N-1KB5s'),
('Ranieri Baraglia', 124, 19, 'non-uk', 'CNGCee4'),
('Jorge Alberto Soria Alcaraz', 25, 6, 'non-uk', '5NCjEDI'),
('Minaya Villasana', 29, 10, 'non-uk', 'L8QLk1w'),
('Eunice López-Camacho', 15, 6, 'non-uk', 'N1dGivs'),
('Fabio Daolio', 37, 10, 'uk', 'eY9cdIY'),
('Naimah Mohd Hussin', 28, 8, 'non-uk', 'WPvaGSw'),
('Robert John', 228, 36, 'uk', '33ftCdE'),
('Sébastien Verel', 97, 18, 'non-uk', 'PDT1C-Q'),
('Ludek Matyska', 199, 16, 'non-uk', 'XA85OFQ'),
('Jiawei Li', 43, 12, 'uk', '_4AykOk'),
('guanglei wang', 6, 1, 'non-uk', 'lP1fLaM'),
('Jie Liu', 5, 2, 'non-uk', 'szhVlZE'),
('Jingpeng Li', 48, 16, 'uk', 'ng5HJBY'),
('Nasser R. Sabar', 50, 12, 'non-uk', '0yWrqXA'),
('Jonathan Epperlein', 10, 2, 'non-uk', 'MR9vRDw'),
('Julian Miller', 271, 40, 'uk', 'BFNgQiA'),
('Steven Gustafson', 103, 18, 'non-uk', 'v_2mtVA'),
('Dragan Savic', 587, 55, 'uk', 'piEJXtc'),
('bissan ghaddar', 29, 8, 'non-uk', 'ERQSOF8'),
('Peter Cowling', 174, 34, 'uk', 'xQ7IpL8'),
('Inman Harvey', 160, 36, 'uk', 'z7_EOOs'),
('Yuri Bykov', 21, 11, 'non-uk', 'Q_aReMI'),
('Francisco Chicano', 126, 19, 'non-uk', 'BzjDlpU'),
('Roman Bartak', 292, 30, 'non-uk', 'PEstzs0'),
('Martin Takáč', 56, 15, 'non-uk', 'qKQD-2c'),
('François Schnitzler', 34, 7, 'non-uk', 'IW2QsUY'),
('Christian Bockermann', 43, 9, 'non-uk', 'jQOCiPI'),
('Emma Soane', 97, 26, 'uk', 'YNDtLbE'),
('André R. Fioravanti', 65, 13, 'non-uk', 'm9O5tE8'),
('Philip Hingston', 118, 21, 'non-uk', 'QNcGZdQ'),
('Peter Richtarik', 71, 23, 'uk', 'pGh242U'),
('Salwani Abdullah', 112, 22, 'non-uk', 'pmeFzWM'),
('Peter Ross', 198, 39, 'uk', 'YQIWsa0'),
('Marco Tomassini', 312, 43, 'non-uk', '6vgFGvY'),
('David Elliman', 114, 21, 'non-uk', 'c6STH3Q'),
('Tommaso Urli', 25, 9, 'non-uk', '6QYH6S0'),
('Paolo Coppola', 30, 13, 'non-uk', 'P15-SKk'),
('Jerome Lauret', 459, 92, 'non-uk', 'lckGfAI'),
('Klaus Jaffe', 300, 34, 'non-uk', '77zqgOc'),
('Sara Ceschia', 20, 8, 'non-uk', '35wViPw'),
('Giacomo Di Tollo', 29, 8, 'non-uk', 'SckkmZ8'),
('Andrea Rendl', 30, 8, 'non-uk', 'SdnXZXU'),
('Luca Vassena', 29, 10, 'non-uk', 'dCBk3oI'),
('Ivan Scagnetto', 52, 13, 'non-uk', 'QEGb1ec'),
('Simon J T Pollard', 256, 38, 'uk', 'kpdGoqk'),
('Johannes Gaertner', 56, 10, 'non-uk', 'iScun_Q'),
('Ruggero Bellio', 50, 13, 'non-uk', 'S1-L87U'),
('Greet Vanden Berghe', 336, 31, 'non-uk', 'CepcZIU'),
('Matthias Weidlich', 144, 30, 'non-uk', 'P_9a7I0'),
('Alexander Artikis', 127, 27, 'non-uk', 'grQumKc'),
('Darrell Whitley', 341, 60, 'non-uk', '0VzUxIc'),
('Patrick De Causmaecker', 265, 30, 'non-uk', 'IHAmK_g'),
('Nysret Musliu', 83, 15, 'non-uk', '35owm6E'),
('Rhyd Lewis', 41, 14, 'uk', 'fsWb7O4'),
('Bart Craenen', 34, 11, 'uk', 'i8JsL7Q'),
('Andrea Roli', 139, 21, 'non-uk', 'RoAXDw0'),
('Simon Lucas', 306, 37, 'uk', 'Jz8DDVA'),
('Vana Kalogeraki', 241, 31, 'non-uk', '2lpWTDY'),
('Wolfgang Slany', 156, 22, 'non-uk', 'yCR2h98'),
('Monaldo Mastrolilli', 92, 20, 'non-uk', 'ys89Ujo'),
('Vincenzo Della Mea', 136, 24, 'non-uk', 'BF3B4KA'),
('Stefano Mizzaro', 133, 22, 'non-uk', '2wvJC6I'),
('Andrea Schaerf', 175, 40, 'non-uk', 'hCzS7N8'),
('Katharina Morik', 294, 29, 'non-uk', 'LfmjF2U'),
('Fabian Wirth', 229, 26, 'non-uk', 'GPXp0s0'),
('Robert Shorten', 372, 40, 'non-uk', 'Rnb8M9A'),
('Dimitrios Gunopulos', 344, 66, 'non-uk', 'PHJokEQ'),
('Agostino Dovier', 157, 30, 'non-uk', 'fiYbAFc'),
('Alberto Guillen', 131, 17, 'non-uk', 'Ti_7MKw'),
('Luís Paquete', 88, 24, 'non-uk', 'LkiweUg'),
('Emma Hart', 157, 26, 'uk', 'hyFIq8U'),
('Marco Chiarandini', 93, 16, 'non-uk', 'RUfo3Ko'),
('Manuel López-Ibáñez', 113, 21, 'uk', 'q_47tpE'),
('Mark Jelasity', 154, 32, 'non-uk', 'ScDJx68'),
('Guy Kortsarz', 240, 35, 'non-uk', '19qSWk8'),
('Shie Mannor', 378, 42, 'non-uk', 'q1HlbIU'),
('Joshua Knowles', 195, 55, 'uk', 'nltQkfg'),
('Mike Preuss', 233, 26, 'non-uk', 'KGlyGUc'),
('Julio Ortega', 242, 27, 'non-uk', 'h6Cc4nE'),
('A.E. Eiben', 352, 51, 'non-uk', 'NMuDAe0'),
('luca maria gambardella', 353, 61, 'non-uk', 'SCCwW3Y'),
('Mauro Birattari', 339, 38, 'non-uk', 'ul-dSQQ'),
('Tagmouti Mariam', 12, 6, 'non-uk', 'd_lhXyk'),
('Soumia Ichoua', 25, 9, 'non-uk', 'rFW52kU'),
('Thomas Stützle', 373, 67, 'non-uk', 'OrODXkA'),
('Vidal Thibaut', 62, 14, 'non-uk', 'qbO0xwU'),
('Marc Schoenauer', 449, 44, 'non-uk', 'GrCk6Wo'),
('Frederic Semet', 146, 32, 'non-uk', '6iUyQhM'),
('Gilles Pesant', 135, 26, 'non-uk', 'm_w7RAI'),
('Éric D. Taillard', 101, 33, 'non-uk', 'vj-4SjY'),
('Louis-Martin Rousseau', 173, 24, 'non-uk', 'DVZF0PI'),
('Mustapha Nourelfath', 151, 23, 'non-uk', 'ebZKrLU'),
('Dominique Feillet', 153, 25, 'non-uk', 'x55ZD5w'),
('Christian PRINS', 247, 46, 'non-uk', 'FCGwMg0'),
('Silvano Martello', 213, 51, 'non-uk', 'o4a20zs'),
('hafid', 243, 23, 'non-uk', 'gpk1HxA'),
('Juan J. Merelo Guervós', 566, 31, 'non-uk', 'gFxqc64'),
('Jean-François Cordeau', 233, 56, 'non-uk', 'spq_Fnc'),
('Marco Dorigo', 640, 93, 'non-uk', 'PwYT6EM'),
('Martine Labbé', 231, 42, 'non-uk', 'WS_O3bI'),
('Alain Hertz', 270, 45, 'non-uk', 'C_zesQg'),
('Teodor Gabriel Crainic', 525, 64, 'non-uk', 'C_zcTIA'),
('Gilbert Laporte', 837, 113, 'non-uk', 'o4n0Kvg');

/*!40101 SET CHARACTER_SET_CLIENT=@OLD_CHARACTER_SET_CLIENT */;
/*!40101 SET CHARACTER_SET_RESULTS=@OLD_CHARACTER_SET_RESULTS */;
/*!40101 SET COLLATION_CONNECTION=@OLD_COLLATION_CONNECTION */;
