-- phpMyAdmin SQL Dump
-- version 4.6.5.2
-- https://www.phpmyadmin.net/
--
-- Host: 127.0.0.1
-- Generation Time: Feb 23, 2017 at 01:55 PM
-- Server version: 10.1.21-MariaDB
-- PHP Version: 5.6.30

SET SQL_MODE = "NO_AUTO_VALUE_ON_ZERO";
SET time_zone = "+00:00";


/*!40101 SET @OLD_CHARACTER_SET_CLIENT=@@CHARACTER_SET_CLIENT */;
/*!40101 SET @OLD_CHARACTER_SET_RESULTS=@@CHARACTER_SET_RESULTS */;
/*!40101 SET @OLD_COLLATION_CONNECTION=@@COLLATION_CONNECTION */;
/*!40101 SET NAMES utf8mb4 */;

--
-- Database: `googlescholardb`
--

-- --------------------------------------------------------

--
-- Table structure for table `connections`
--

CREATE TABLE `connections` (
  `sourceScholar` varchar(256) NOT NULL,
  `targetScholar` varchar(256) NOT NULL
) ENGINE=InnoDB DEFAULT CHARSET=latin1;

--
-- Dumping data for table `connections`
--

INSERT INTO `connections` (`sourceScholar`, `targetScholar`) VALUES
('Andrew J Parkes', 'Edmund Kieran Burke'),
('Andrew J Parkes', 'Barry McCollum'),
('Andrew J Parkes', 'Ender zcan'),
('Andrew J Parkes', 'Jakub Mareek'),
('Andrew J Parkes', 'Rong Qu'),
('Andrew J Parkes', 'Professor Graham Kendall'),
('Andrew J Parkes', 'Shahriar Asta'),
('Andrew J Parkes', 'Hana Rudov'),
('Andrew J Parkes', 'Dario Landa-Silva'),
('Andrew J Parkes', 'Matthew R. Hyde'),
('Andrew J Parkes', 'Gabriela Ochoa'),
('Andrew J Parkes', 'Hugo Terashima-Marn'),
('Andrew J Parkes', 'Jos Carlos Ortiz-Bayliss'),
('Andrew J Parkes', 'Olaf Lechtenfeld'),
('Andrew J Parkes', 'Ahmed Kheiri'),
('Andrew J Parkes', 'Daniel Karapetyan'),
('Andrew J Parkes', 'Ben Paechter'),
('Andrew J Parkes', 'Luca Di Gaspero'),
('Andrew J Parkes', 'Andrea Schaerf'),
('Andrew J Parkes', 'Rhyd Lewis'),
('Edmund Kieran Burke', 'Professor Graham Kendall'),
('Edmund Kieran Burke', 'Barry McCollum'),
('Edmund Kieran Burke', 'Rong Qu'),
('Edmund Kieran Burke', 'Ender zcan'),
('Edmund Kieran Burke', 'Greet Vanden Berghe'),
('Edmund Kieran Burke', 'Patrick De Causmaecker'),
('Edmund Kieran Burke', 'Gabriela Ochoa'),
('Edmund Kieran Burke', 'Matthew R. Hyde'),
('Edmund Kieran Burke', 'Andrew J Parkes'),
('Edmund Kieran Burke', 'Dario Landa-Silva'),
('Edmund Kieran Burke', 'Steven Gustafson'),
('Edmund Kieran Burke', 'Jingpeng Li'),
('Edmund Kieran Burke', 'Peter Cowling'),
('Edmund Kieran Burke', 'Salwani Abdullah'),
('Edmund Kieran Burke', 'David Elliman'),
('Edmund Kieran Burke', 'Jonathan M. Garibaldi'),
('Edmund Kieran Burke', 'Natalio Krasnogor'),
('Edmund Kieran Burke', 'Yuri Bykov'),
('Edmund Kieran Burke', 'John R. Woodward'),
('Edmund Kieran Burke', 'Peter Ross'),
('Barry McCollum', 'Edmund Kieran Burke'),
('Barry McCollum', 'Rong Qu'),
('Barry McCollum', 'Jonathan M. Garibaldi'),
('Barry McCollum', 'Ender zcan'),
('Barry McCollum', 'Andrea Schaerf'),
('Barry McCollum', 'Luca Di Gaspero'),
('Barry McCollum', 'Gabriela Ochoa'),
('Barry McCollum', 'Matthew R. Hyde'),
('Barry McCollum', 'Peter Middleton'),
('Ender zcan', 'Edmund Kieran Burke'),
('Ender zcan', 'Professor Graham Kendall'),
('Ender zcan', 'Andrew J Parkes'),
('Ender zcan', 'Gabriela Ochoa'),
('Ender zcan', 'John R. Woodward'),
('Ender zcan', 'Chilukuri Mohan'),
('Ender zcan', 'Ahmed Kheiri'),
('Ender zcan', 'John H. Drake'),
('Ender zcan', 'A. Sima Etaner - Uyar'),
('Ender zcan', 'Shahriar Asta'),
('Ender zcan', 'Mustafa Msr'),
('Ender zcan', 'Berna Kiraz'),
('Ender zcan', 'Djamila Ouelhadj'),
('Ender zcan', 'Rong Qu'),
('Ender zcan', 'Jerry Swan'),
('Ender zcan', 'Simon Martin'),
('Ender zcan', 'Syariza Abdul Rahman'),
('Ender zcan', 'Hugo Terashima-Marn'),
('Ender zcan', 'Jos Carlos Ortiz-Bayliss'),
('Ender zcan', 'Greet Vanden Berghe'),
('Jakub Mareek', 'Edmund Kieran Burke'),
('Jakub Mareek', 'Andrew J Parkes'),
('Jakub Mareek', 'Hana Rudov'),
('Jakub Mareek', 'Martin Tak'),
('Jakub Mareek', 'Vana Kalogeraki'),
('Jakub Mareek', 'Dimitrios Gunopulos'),
('Jakub Mareek', 'Franois Schnitzler'),
('Jakub Mareek', 'Katharina Morik'),
('Jakub Mareek', 'Shie Mannor'),
('Jakub Mareek', 'Matthias Weidlich'),
('Jakub Mareek', 'Alexander Artikis'),
('Jakub Mareek', 'Christian Bockermann'),
('Jakub Mareek', 'Robert Shorten'),
('Jakub Mareek', 'Peter Richtarik'),
('Jakub Mareek', 'bissan ghaddar'),
('Jakub Mareek', 'Fabian Wirth'),
('Jakub Mareek', 'Jie Liu'),
('Jakub Mareek', 'guanglei wang'),
('Jakub Mareek', 'Jonathan Epperlein'),
('Professor Graham Kendall', 'Edmund Kieran Burke'),
('Professor Graham Kendall', 'Matthew R. Hyde'),
('Professor Graham Kendall', 'Rong Qu'),
('Professor Graham Kendall', 'Ender zcan'),
('Professor Graham Kendall', 'Gabriela Ochoa'),
('Professor Graham Kendall', 'Peter Cowling'),
('Professor Graham Kendall', 'Barry McCollum'),
('Professor Graham Kendall', 'Nasser R. Sabar'),
('Professor Graham Kendall', 'Jiawei Li'),
('Professor Graham Kendall', 'Steven Gustafson'),
('Professor Graham Kendall', 'John R. Woodward'),
('Professor Graham Kendall', 'Naimah Mohd Hussin'),
('Professor Graham Kendall', 'Philip Hingston'),
('Professor Graham Kendall', 'Natalio Krasnogor'),
('Professor Graham Kendall', 'Simon Lucas'),
('Professor Graham Kendall', 'Andrew J Parkes'),
('Professor Graham Kendall', 'Dario Landa-Silva'),
('Professor Graham Kendall', 'Jerry Swan'),
('Professor Graham Kendall', 'Simon J T Pollard'),
('Professor Graham Kendall', 'Emma Soane'),
('Shahriar Asta', 'Ender zcan'),
('Shahriar Asta', 'Andrew J Parkes'),
('Shahriar Asta', 'A. Sima Etaner - Uyar'),
('Shahriar Asta', 'Engin Erzin'),
('Shahriar Asta', 'YUCEL YEMEZ'),
('Shahriar Asta', 'Ahmed Kheiri'),
('Shahriar Asta', 'Daniel Karapetyan'),
('Shahriar Asta', 'Elif Bozkurt'),
('Shahriar Asta', 'Sanem Sariel'),
('Shahriar Asta', 'Julian Miller'),
('Shahriar Asta', 'Patricia Ryser-Welch'),
('Shahriar Asta', 'Mustafa Ersen'),
('Shahriar Asta', 'Raras Tyasnurita'),
('Shahriar Asta', 'Robert John'),
('Shahriar Asta', 'John H. Drake'),
('Shahriar Asta', 'Abdulkerim apar'),
('Shahriar Asta', 'Peer-Olaf Siebers'),
('Hana Rudov', 'Dalibor Klusek'),
('Hana Rudov', 'Tom Mller'),
('Hana Rudov', 'Edmund Kieran Burke'),
('Hana Rudov', 'Ludek Matyska'),
('Hana Rudov', 'Roman Bartak'),
('Hana Rudov', 'Jakub Mareek'),
('Hana Rudov', 'Andrew J Parkes'),
('Hana Rudov', 'Pavel Troubil'),
('Hana Rudov', 'Ranieri Baraglia'),
('Hana Rudov', 'Gabriele Capannini'),
('Hana Rudov', 'Pavel Fibich'),
('Hana Rudov', 'Jerome Lauret'),
('Hana Rudov', 'Mgr. imon Tth'),
('Matthew R. Hyde', 'Gabriela Ochoa'),
('Matthew R. Hyde', 'Ender zcan'),
('Matthew R. Hyde', 'John R. Woodward'),
('Gabriela Ochoa', 'Edmund Kieran Burke'),
('Gabriela Ochoa', 'Matthew R. Hyde'),
('Gabriela Ochoa', 'Professor Graham Kendall'),
('Gabriela Ochoa', 'Marco Tomassini'),
('Gabriela Ochoa', 'Sbastien Verel'),
('Gabriela Ochoa', 'Michel Gendreau'),
('Gabriela Ochoa', 'Rong Qu'),
('Gabriela Ochoa', 'Fabio Daolio'),
('Gabriela Ochoa', 'John R. Woodward'),
('Gabriela Ochoa', 'Nadarajen Veerapen'),
('Gabriela Ochoa', 'Inman Harvey'),
('Gabriela Ochoa', 'Minaya Villasana'),
('Gabriela Ochoa', 'Klaus Jaffe'),
('Gabriela Ochoa', 'Darrell Whitley'),
('Gabriela Ochoa', 'Jorge Alberto Soria Alcaraz'),
('Gabriela Ochoa', 'Barry McCollum'),
('Gabriela Ochoa', 'Hugo Terashima-Marn'),
('Gabriela Ochoa', 'Mustafa Msr'),
('Gabriela Ochoa', 'Francisco Chicano'),
('Gabriela Ochoa', 'Eunice Lpez-Camacho'),
('Jos Carlos Ortiz-Bayliss', 'Hugo Terashima-Marn'),
('Jos Carlos Ortiz-Bayliss', 'Andrew J Parkes'),
('Jos Carlos Ortiz-Bayliss', 'Ender zcan'),
('Ahmed Kheiri', 'Ender zcan'),
('Ahmed Kheiri', 'Andrew J Parkes'),
('Ahmed Kheiri', 'Ed Keedwell'),
('Ahmed Kheiri', 'Edmund Kieran Burke'),
('Ahmed Kheiri', 'Shahriar Asta'),
('Ahmed Kheiri', 'Daniel Karapetyan'),
('Ahmed Kheiri', 'Mustafa Msr'),
('Ahmed Kheiri', 'Dragan Savic'),
('Ahmed Kheiri', 'Warren G. Jackson'),
('Ahmed Kheiri', 'Rhyd Lewis'),
('Daniel Karapetyan', 'G. Gutin'),
('Daniel Karapetyan', 'Abraham P. Punnen'),
('Daniel Karapetyan', 'Andrew J Parkes'),
('Daniel Karapetyan', 'Ender zcan'),
('Daniel Karapetyan', 'Natalio Krasnogor'),
('Daniel Karapetyan', 'Igor Razgon'),
('Ben Paechter', 'Emma Hart'),
('Ben Paechter', 'Rhyd Lewis'),
('Ben Paechter', 'Manuel Lpez-Ibez'),
('Ben Paechter', 'A.E. Eiben'),
('Ben Paechter', 'Joshua Knowles'),
('Ben Paechter', 'Juan J. Merelo Guervs'),
('Ben Paechter', 'Julio Ortega'),
('Ben Paechter', 'Mark Jelasity'),
('Ben Paechter', 'Marco Dorigo'),
('Ben Paechter', 'Barry McCollum'),
('Ben Paechter', 'Marc Schoenauer'),
('Ben Paechter', 'luca maria gambardella'),
('Ben Paechter', 'Monaldo Mastrolilli'),
('Ben Paechter', 'Marco Chiarandini'),
('Ben Paechter', 'Bart Craenen'),
('Ben Paechter', 'Mike Preuss'),
('Ben Paechter', 'Alberto Guillen'),
('Ben Paechter', 'Mauro Birattari'),
('Ben Paechter', 'Thomas Sttzle'),
('Ben Paechter', 'Lus Paquete'),
('Luca Di Gaspero', 'Andrea Schaerf'),
('Luca Di Gaspero', 'Vincenzo Della Mea'),
('Luca Di Gaspero', 'Stefano Mizzaro'),
('Luca Di Gaspero', 'Andrea Roli'),
('Luca Di Gaspero', 'Paolo Coppola'),
('Luca Di Gaspero', 'Tommaso Urli'),
('Luca Di Gaspero', 'Luca Vassena'),
('Luca Di Gaspero', 'Barry McCollum'),
('Luca Di Gaspero', 'Wolfgang Slany'),
('Luca Di Gaspero', 'Sara Ceschia'),
('Luca Di Gaspero', 'Nysret Musliu'),
('Luca Di Gaspero', 'Johannes Gaertner'),
('Luca Di Gaspero', 'Andrea Rendl'),
('Luca Di Gaspero', 'Guy Kortsarz'),
('Luca Di Gaspero', 'Ruggero Bellio'),
('Luca Di Gaspero', 'Giacomo Di Tollo'),
('Luca Di Gaspero', 'Agostino Dovier'),
('Luca Di Gaspero', 'Rong Qu'),
('Luca Di Gaspero', 'Edmund Kieran Burke'),
('Luca Di Gaspero', 'Andrew J Parkes'),
('Andrea Schaerf', 'Luca Di Gaspero'),
('Andrea Schaerf', 'Francesco M. Donini'),
('Andrea Schaerf', 'Maurizio Lenzerini'),
('Andrea Schaerf', 'Daniele Nardi'),
('Andrea Schaerf', 'Sara Ceschia'),
('Andrea Schaerf', 'Werner Nutt'),
('Andrea Schaerf', 'Wolfgang Slany'),
('Andrea Schaerf', 'Nysret Musliu'),
('Andrea Schaerf', 'Krzysztof R. Apt'),
('Andrea Schaerf', 'Barry McCollum'),
('Andrea Schaerf', 'Andrea Roli'),
('Andrea Schaerf', 'Amnon Meisels'),
('Andrea Schaerf', 'Gerhard Post'),
('Andrea Schaerf', 'Johannes Gaertner'),
('Andrea Schaerf', 'Guy Kortsarz'),
('Andrea Schaerf', 'Patrick De Causmaecker'),
('Andrea Schaerf', 'Luigi Palopoli'),
('Andrea Schaerf', 'Giacomo Di Tollo'),
('Andrea Schaerf', 'Ruggero Bellio'),
('Andrea Schaerf', 'Sophia Daskalaki'),
('Rhyd Lewis', 'Ben Paechter'),
('Rhyd Lewis', 'Barry McCollum'),
('Rhyd Lewis', 'Andrew J Parkes'),
('Rhyd Lewis', 'Rong Qu'),
('Rhyd Lewis', 'Edmund Kieran Burke'),
('Rhyd Lewis', 'Andrea Schaerf'),
('Rhyd Lewis', 'Luca Di Gaspero'),
('Rhyd Lewis', '\"C Mumford\" OR \"C Valenzuela\"'),
('Rhyd Lewis', 'Jonathan W. Gillard'),
('Rhyd Lewis', 'Kate Smith-Miles'),
('Rhyd Lewis', 'Matthew P. John'),
('Rhyd Lewis', 'Wu  Yu-Huei '),
('Rhyd Lewis', 'Fiona Carroll'),
('Rhyd Lewis', 'Ian Cooper'),
('Rhyd Lewis', 'Paul Harper'),
('Rhyd Lewis', 'Wasin Padungwech'),
('Rhyd Lewis', 'Yinghao Wu'),
('Andrew J Parkes', 'Edmund Kieran Burke'),
('Andrew J Parkes', 'Barry McCollum'),
('Andrew J Parkes', 'Ender zcan'),
('Andrew J Parkes', 'Jakub Mareek'),
('Andrew J Parkes', 'Rong Qu'),
('Andrew J Parkes', 'Professor Graham Kendall'),
('Andrew J Parkes', 'Shahriar Asta'),
('Andrew J Parkes', 'Hana Rudov'),
('Andrew J Parkes', 'Dario Landa-Silva'),
('Andrew J Parkes', 'Matthew R. Hyde'),
('Andrew J Parkes', 'Gabriela Ochoa'),
('Andrew J Parkes', 'Hugo Terashima-Marn'),
('Andrew J Parkes', 'Jos Carlos Ortiz-Bayliss'),
('Andrew J Parkes', 'Olaf Lechtenfeld'),
('Andrew J Parkes', 'Ahmed Kheiri'),
('Andrew J Parkes', 'Daniel Karapetyan'),
('Andrew J Parkes', 'Ben Paechter'),
('Andrew J Parkes', 'Luca Di Gaspero'),
('Andrew J Parkes', 'Andrea Schaerf'),
('Andrew J Parkes', 'Rhyd Lewis'),
('Steven Gustafson', 'Edmund Kieran Burke'),
('Steven Gustafson', 'Professor Graham Kendall'),
('Steven Gustafson', 'Natalio Krasnogor'),
('Steven Gustafson', 'Leonardo Vanneschi'),
('Steven Gustafson', 'William H. Hsu'),
('Steven Gustafson', 'Michael O:Neill'),
('Steven Gustafson', 'David B. Bracewell'),
('Steven Gustafson', 'Aniko Ekrt'),
('Steven Gustafson', 'Wolfgang Banzhaf'),
('Steven Gustafson', 'Feng Xue'),
('Steven Gustafson', 'Amit Sheth'),
('Steven Gustafson', 'Luis Tari'),
('Steven Gustafson', 'Giancarlo Mauri'),
('Steven Gustafson', 'Ekaterina (Katya) Vladislavleva'),
('Steven Gustafson', 'Ivanoe De Falco'),
('Steven Gustafson', 'Scott Evans'),
('Jingpeng Li', 'Rong Qu'),
('David Elliman', 'Edmund Kieran Burke'),
('David Elliman', 'colin higgins'),
('David Elliman', 'JRG Pulido'),
('David Elliman', 'Fernand Gobet'),
('David Elliman', 'Nigel Shadbolt'),
('David Elliman', 'Roman Belavkin'),
('David Elliman', 'Miguel Angel Garcia-Ruiz'),
('David Elliman', 'nasser sherkat'),
('David Elliman', 'LIU Wenyin'),
('David Elliman', 'Sbastien Adam'),
('David Elliman', 'Ernest Valveny'),
('David Elliman', 'Guoping Qiu'),
('David Elliman', 'Jiwu Huang'),
('David Elliman', 'David Cornforth'),
('David Elliman', 'Louise Brown'),
('David Elliman', 'Erika Margarita Ramos Michel'),
('Natalio Krasnogor', 'Jaume Bacardit'),
('Natalio Krasnogor', 'David Pelta'),
('Natalio Krasnogor', 'Jim Smith'),
('Natalio Krasnogor', 'Marian Gheorghe'),
('Natalio Krasnogor', 'Jonathan Hirst'),
('Natalio Krasnogor', 'Jonathan M. Garibaldi'),
('Natalio Krasnogor', 'Enrico Glaab'),
('Natalio Krasnogor', 'Edmund Kieran Burke'),
('Natalio Krasnogor', 'Dr. German Terrazas Angulo'),
('Natalio Krasnogor', 'Francisco J. Romero-Campero'),
('Natalio Krasnogor', 'William E Hart'),
('Natalio Krasnogor', 'Steven Gustafson'),
('Natalio Krasnogor', 'Jamie Twycross'),
('Natalio Krasnogor', 'Cameron Alexander'),
('Natalio Krasnogor', 'Jacek Blazewicz'),
('Natalio Krasnogor', 'Alfonso Valencia'),
('Natalio Krasnogor', 'Professor Graham Kendall'),
('Natalio Krasnogor', 'Jonathan Blakes'),
('Natalio Krasnogor', 'Malcolm Bennett'),
('Natalio Krasnogor', 'Dr. Hongqing Cao'),
('Yuri Bykov', 'Edmund Kieran Burke'),
('Yuri Bykov', 'Ender zcan'),
('Yuri Bykov', 'Jonathan Hirst'),
('Yuri Bykov', 'Mark T Oakley'),
('Yuri Bykov', 'Natalio Krasnogor'),
('Yuri Bykov', 'Jonathan M. Garibaldi'),
('John R. Woodward', 'Edmund Kieran Burke'),
('John R. Woodward', 'Matthew R. Hyde'),
('John R. Woodward', 'Professor Graham Kendall'),
('John R. Woodward', 'Ender zcan'),
('John R. Woodward', 'Jerry Swan'),
('John R. Woodward', 'Ling Chen'),
('John R. Woodward', 'Professor Ruibin Bai'),
('John R. Woodward', 'Gisele L. Pappa'),
('John R. Woodward', 'Ibrar Hussain'),
('John R. Woodward', 'Hamid Turab Mirza'),
('John R. Woodward', 'Abdul Majid'),
('John R. Woodward', 'Libin Hong ()'),
('John R. Woodward', 'Michael G. Epitropakis'),
('John R. Woodward', 'Riccardo Poli'),
('John R. Woodward', 'Freitas, Alex A.'),
('John R. Woodward', 'Jingpeng Li'),
('John R. Woodward', 'Colin Johnson'),
('John R. Woodward', 'Simon Martin'),
('John R. Woodward', 'Saemundur O. Haraldsson'),
('John R. Woodward', 'John H. Drake'),
('Chilukuri Mohan', 'Sanjay Ranka'),
('Chilukuri Mohan', 'Pramod K. Varshney'),
('Chilukuri Mohan', 'Ender zcan'),
('Chilukuri Mohan', 'Kanad Chakraborty'),
('Chilukuri Mohan', 'Kalyan Veeramachaneni'),
('Chilukuri Mohan', 'Engin Masazade'),
('Chilukuri Mohan', 'Ruixin Niu'),
('Chilukuri Mohan', 'Hasan Timucin Ozdemir'),
('Chilukuri Mohan', 'Ayed A. Salman'),
('Chilukuri Mohan', 'HuaMing Huang'),
('Chilukuri Mohan', 'Onur Ozdemir'),
('Chilukuri Mohan', 'Chulaka Gunasekara'),
('Chilukuri Mohan', 'Karthik Kuber'),
('Chilukuri Mohan', 'Mehmet Keskinoz'),
('Chilukuri Mohan', 'Ersin Elba'),
('Chilukuri Mohan', 'Ishfaq Ahmad'),
('Chilukuri Mohan', 'N. Asokan'),
('Chilukuri Mohan', 'Satish G Iyengar'),
('Chilukuri Mohan', 'Priyadip Ray'),
('Chilukuri Mohan', 'Yunghsiang S. Han'),
('John H. Drake', 'Ender zcan'),
('John H. Drake', 'Edmund Kieran Burke'),
('John H. Drake', 'Jerry Swan'),
('John H. Drake', 'Warren G. Jackson'),
('John H. Drake', 'Matthew R. Hyde'),
('John H. Drake', 'John R. Woodward'),
('John H. Drake', 'Libin Hong ()'),
('John H. Drake', 'Barry McCollum'),
('John H. Drake', 'Andrew J Parkes'),
('John H. Drake', 'Shahriar Asta'),
('John H. Drake', 'David R White'),
('John H. Drake', 'Chaiyong Ragkhitwetsagul'),
('John H. Drake', 'Matheus Paixao'),
('A. Sima Etaner - Uyar', 'Ender zcan'),
('A. Sima Etaner - Uyar', 'Berna Kiraz'),
('A. Sima Etaner - Uyar', 'Aysegul Yayimli, Aysegul Gencata'),
('A. Sima Etaner - Uyar', 'Juergen Branke'),
('A. Sima Etaner - Uyar', 'Gonul Uludag'),
('A. Sima Etaner - Uyar', 'Fatma Corut Ergin'),
('A. Sima Etaner - Uyar', 'Glen Eryiit'),
('A. Sima Etaner - Uyar', 'Sule Gunduz'),
('A. Sima Etaner - Uyar', 'H. Turgut Uyar'),
('A. Sima Etaner - Uyar', 'Merve Can Ku Khalilov'),
('A. Sima Etaner - Uyar', 'Sanem Sariel'),
('A. Sima Etaner - Uyar', 'Muhittin Gkmen'),
('A. Sima Etaner - Uyar', 'Shahriar Asta'),
('A. Sima Etaner - Uyar', 'Shengxiang Yang'),
('A. Sima Etaner - Uyar', 'Hasan Dag'),
('A. Sima Etaner - Uyar', 'Andrew J Parkes'),
('A. Sima Etaner - Uyar', 'Mehmet Melih Karc'),
('A. Sima Etaner - Uyar', 'Berk Canberk'),
('A. Sima Etaner - Uyar', 'Osman K. Erol'),
('Mustafa Msr', 'Greet Vanden Berghe'),
('Mustafa Msr', 'Patrick De Causmaecker'),
('Mustafa Msr', 'Ender zcan'),
('Mustafa Msr', 'Edmund Kieran Burke'),
('Mustafa Msr', 'Peter Demeester'),
('Mustafa Msr', 'Gabriela Ochoa'),
('Mustafa Msr', 'Tony Wauters'),
('Mustafa Msr', 'Professor Graham Kendall'),
('Mustafa Msr', 'Pieter Smet'),
('Mustafa Msr', 'Hoong Chuin Lau'),
('Mustafa Msr', 'Wim Vancroonenburg'),
('Mustafa Msr', 'Stephanus Daniel Handoko'),
('Mustafa Msr', 'Ahmed Kheiri'),
('Mustafa Msr', 'Josep Carmona'),
('Mustafa Msr', 'Joel Ribeiro'),
('Mustafa Msr', 'Dr. Aldy Gunawan'),
('Mustafa Msr', 'Marius Lindauer'),
('Mustafa Msr', 'Frank Hutter'),
('Mustafa Msr', 'Markus Wagner'),
('Mustafa Msr', 'Michle Sebag'),
('Jerry Swan', 'John R. Woodward'),
('Jerry Swan', 'Ender zcan'),
('Jerry Swan', 'Mike J Jackson'),
('Jerry Swan', 'Suchith Anand'),
('Jerry Swan', 'Professor Graham Kendall'),
('Jerry Swan', 'Krzysztof Krawiec'),
('Jerry Swan', 'Edmund Kieran Burke'),
('Jerry Swan', 'Alexander E.I. Brownlee'),
('Jerry Swan', 'Martin Carpio'),
('Jerry Swan', 'Michael G. Epitropakis'),
('Jerry Swan', 'Gisele L. Pappa'),
('Jerry Swan', 'Nathan Burles'),
('Jerry Swan', 'Jorge Alberto Soria Alcaraz'),
('Jerry Swan', 'James Goulding'),
('Jerry Swan', 'Edward Bowles'),
('Jerry Swan', 'Theodor Foerster'),
('Jerry Swan', 'Simon Martin'),
('Jerry Swan', 'Dr Didier G. Leibovici'),
('Jerry Swan', 'Matthew R. Hyde'),
('Jerry Swan', 'Freitas, Alex A.'),
('Syariza Abdul Rahman', 'Andrzej Bargiela'),
('Syariza Abdul Rahman', 'Edmund Kieran Burke'),
('Syariza Abdul Rahman', 'Ender zcan'),
('Syariza Abdul Rahman', 'Barry McCollum'),
('Syariza Abdul Rahman', 'Aida Mauziah Benjamin'),
('Syariza Abdul Rahman', 'Nazrina Aziz'),
('Syariza Abdul Rahman', 'haslinda Ibrahim'),
('Syariza Abdul Rahman', 'Zahratul Laily Edaris'),
('Syariza Abdul Rahman', 'Engku Muhammad Nazri Engku Abu B...'),
('Syariza Abdul Rahman', 'Razamin Ramli'),
('Syariza Abdul Rahman', 'Mohd Faizal Omar'),
('Syariza Abdul Rahman', 'Mohd Kamal Mohd Nawawi, MKM Na...'),
('Syariza Abdul Rahman', 'Jafri Zulkepli'),
('Syariza Abdul Rahman', 'Nazihah Ahmad'),
('Syariza Abdul Rahman', 'Saadiah Ghazali'),
('Syariza Abdul Rahman', 'Nur Azriati Mat'),
('Martin Tak', 'Peter Richtarik'),
('Martin Tak', 'Martin Jaggi'),
('Martin Tak', 'Michael I. Jordan'),
('Martin Tak', 'Virginia Smith'),
('Martin Tak', 'Olivier Fercoq'),
('Martin Tak', 'Jakub Mareek'),
('Martin Tak', 'Qu Zheng'),
('Martin Tak', 'Nathan Srebro'),
('Martin Tak', 'Jie Liu'),
('Martin Tak', 'Chenxin Ma'),
('Martin Tak', 'Jakub Konen'),
('Martin Tak', 'Sanjay Krishnan'),
('Martin Tak', 'Thomas Hofmann'),
('Martin Tak', 'Avleen S Bijral'),
('Martin Tak', 'Rachael Tappenden'),
('Martin Tak', 'Selin Damla Ahipasaoglu'),
('Martin Tak', 'Xi He'),
('Martin Tak', 'Christos Delivorias'),
('Martin Tak', 'Daniel Sevcovic'),
('Martin Tak', 'jorge nocedal'),
('Franois Schnitzler', 'Louis Wehenkel'),
('Franois Schnitzler', 'Shie Mannor'),
('Franois Schnitzler', 'Thomas Liebig'),
('Franois Schnitzler', 'Katharina Morik'),
('Franois Schnitzler', 'Avigdor Gal'),
('Franois Schnitzler', 'Matthias Weidlich'),
('Franois Schnitzler', 'Vana Kalogeraki'),
('Franois Schnitzler', 'Dimitrios Gunopulos'),
('Franois Schnitzler', 'Nico Piatkowski'),
('Franois Schnitzler', 'Jakub Mareek'),
('Franois Schnitzler', 'Ioannis Boutsis'),
('Franois Schnitzler', 'Christian Bockermann'),
('Franois Schnitzler', 'Pierre Geurts'),
('Franois Schnitzler', 'Philippe LERAY'),
('Franois Schnitzler', 'Alexander Artikis'),
('Franois Schnitzler', 'sourour ammar'),
('Franois Schnitzler', 'Arnaud Joly'),
('Franois Schnitzler', 'Damien Ernst'),
('Franois Schnitzler', 'Timothy A Mann'),
('Franois Schnitzler', 'Ioannis Katakis'),
('Katharina Morik', 'Nico Piatkowski'),
('Katharina Morik', 'Thomas Liebig'),
('Katharina Morik', 'Thorsten Joachims'),
('Katharina Morik', 'Christian Bockermann'),
('Katharina Morik', 'Sangkyun Lee'),
('Katharina Morik', 'Dimitrios Gunopulos'),
('Katharina Morik', 'Vana Kalogeraki'),
('Katharina Morik', 'Franois Schnitzler'),
('Katharina Morik', 'Shie Mannor'),
('Katharina Morik', 'Jakub Mareek'),
('Katharina Morik', 'Avigdor Gal'),
('Katharina Morik', 'Matthias Weidlich'),
('Katharina Morik', 'Jo Vandesompele'),
('Katharina Morik', 'Hanna Kpcke'),
('Katharina Morik', 'Alexander Artikis'),
('Katharina Morik', 'Peter Marwedel'),
('Katharina Morik', 'Sven Rahmann'),
('Katharina Morik', 'Stefan Haustein'),
('Katharina Morik', 'Walter Daelemans'),
('Katharina Morik', 'Bart Goethals'),
('Shie Mannor', 'Huan Xu'),
('Shie Mannor', 'Warren Gross'),
('Shie Mannor', 'Constantine Caramanis'),
('Shie Mannor', 'Nahum Shimkin'),
('Shie Mannor', 'Ron Meir'),
('Shie Mannor', 'John Tsitsiklis'),
('Shie Mannor', 'Yishay Mansour'),
('Shie Mannor', 'Aviv Tamar'),
('Shie Mannor', 'Mohammad Ghavamzadeh'),
('Shie Mannor', 'Saied Hemati'),
('Shie Mannor', 'Ramesh Johari'),
('Shie Mannor', 'Doina Precup'),
('Shie Mannor', 'Csaba Szepesvari'),
('Shie Mannor', 'Amir-massoud Farahmand'),
('Shie Mannor', 'Dotan Di Castro'),
('Shie Mannor', 'Eyal Even-Dar'),
('Shie Mannor', 'Ishai Menache'),
('Shie Mannor', 'Timothy A Mann'),
('Shie Mannor', 'Dirk P Kroese'),
('Shie Mannor', 'Franois Schnitzler'),
('Matthias Weidlich', 'Jan Mendling'),
('Matthias Weidlich', 'Mathias Weske'),
('Matthias Weidlich', 'Avigdor Gal'),
('Matthias Weidlich', 'Dirk Fahland'),
('Matthias Weidlich', 'Hajo A. Reijers'),
('Matthias Weidlich', 'Barbara Weber'),
('Matthias Weidlich', 'Stefan Zugal'),
('Matthias Weidlich', 'Artem Polyvyanyy'),
('Matthias Weidlich', 'Remco Dijkman'),
('Matthias Weidlich', 'Jakob Pinggera'),
('Matthias Weidlich', 'Arik Senderovich'),
('Matthias Weidlich', 'Matthias Kunze'),
('Matthias Weidlich', 'Karl Aberer'),
('Matthias Weidlich', 'Nguyen Quoc Viet Hung'),
('Matthias Weidlich', 'Ahmed Awad'),
('Matthias Weidlich', 'Avishai Mandelbaum'),
('Matthias Weidlich', 'Alexander Artikis'),
('Matthias Weidlich', 'Vana Kalogeraki'),
('Matthias Weidlich', 'Henrik Leopold'),
('Matthias Weidlich', 'Gero Decker'),
('Alexander Artikis', 'Jeremy Pitt'),
('Alexander Artikis', 'Georgios Paliouras'),
('Alexander Artikis', 'Anastasios Skarlatidis'),
('Alexander Artikis', 'Matthias Weidlich'),
('Alexander Artikis', 'Avigdor Gal'),
('Alexander Artikis', 'Vana Kalogeraki'),
('Alexander Artikis', 'Kostas Stathis'),
('Alexander Artikis', 'Opher Etzion'),
('Alexander Artikis', 'Dimitrios Gunopulos'),
('Alexander Artikis', 'Jamal Bentahar'),
('Alexander Artikis', 'Frank Dignum'),
('Alexander Artikis', 'Amit K Chopra'),
('Alexander Artikis', 'Franois Portet'),
('Alexander Artikis', 'Shie Mannor'),
('Alexander Artikis', 'Katharina Morik'),
('Alexander Artikis', 'Thomas Liebig'),
('Alexander Artikis', 'Jakub Mareek'),
('Alexander Artikis', 'Franois Schnitzler'),
('Alexander Artikis', 'Nico Piatkowski'),
('Alexander Artikis', 'Ioannis Boutsis'),
('Christian Bockermann', 'Katharina Morik'),
('Robert Shorten', 'Douglas Leith'),
('Robert Shorten', 'Fabian Wirth'),
('Robert Shorten', 'Martin Corless'),
('Robert Shorten', 'Christopher King'),
('Robert Shorten', 'Emanuele Crisostomi'),
('Robert Shorten', 'Kai Wulff'),
('Robert Shorten', 'Kumpati Narendra'),
('Robert Shorten', 'selim solmaz'),
('Robert Shorten', 'Rade Stanojevic'),
('Robert Shorten', 'Richard Middleton'),
('Robert Shorten', 'Roderick Murray-Smith'),
('Robert Shorten', 'Arieh Schlote'),
('Robert Shorten', 'Florian Knorn'),
('Robert Shorten', 'Surya Shravan Kumar Sajja'),
('Robert Shorten', 'Mingming Liu'),
('Robert Shorten', 'Christopher M. Kellett'),
('Robert Shorten', 'Steve Kirkland'),
('Robert Shorten', 'Jose C. Geromel'),
('Robert Shorten', 'Tor Arne Johansen'),
('Robert Shorten', 'Alan R. Rogers'),
('Peter Richtarik', 'Martin Tak'),
('Peter Richtarik', 'Jakub Konen'),
('Peter Richtarik', 'Qu Zheng'),
('Peter Richtarik', 'Olivier Fercoq'),
('Peter Richtarik', 'Robert Mansel Gower'),
('Peter Richtarik', 'Rachael Tappenden'),
('Peter Richtarik', 'Yurii Nesterov'),
('Peter Richtarik', 'Rodolphe Sepulchre'),
('Peter Richtarik', 'Nathan Srebro'),
('Peter Richtarik', 'Michael I. Jordan'),
('Peter Richtarik', 'Jakub Mareek'),
('Peter Richtarik', 'Martin Jaggi'),
('Peter Richtarik', 'Avleen S Bijral'),
('Peter Richtarik', 'Jie Liu'),
('Peter Richtarik', 'Jacek Gondzio'),
('Peter Richtarik', 'Selin Damla Ahipasaoglu'),
('Peter Richtarik', 'Zeyuan Allen-Zhu'),
('Peter Richtarik', 'Yang Yuan'),
('Peter Richtarik', 'Donald Goldfarb'),
('Peter Richtarik', 'H. Brendan McMahan'),
('bissan ghaddar', 'Joe Naoum-Sawaya'),
('bissan ghaddar', 'Miguel F. Anjos'),
('bissan ghaddar', 'Juan C. Vera'),
('bissan ghaddar', 'Jakub Mareek'),
('bissan ghaddar', 'Angelika Wiegele'),
('Fabian Wirth', 'Robert Shorten'),
('Fabian Wirth', 'Sergey Dashkovskiy'),
('Fabian Wirth', 'Lars Grne'),
('Fabian Wirth', 'Bjrn S. Rffer'),
('Fabian Wirth', 'Christopher King'),
('Fabian Wirth', 'Oliver Mason'),
('Fabian Wirth', 'Fabio Camilli'),
('Fabian Wirth', 'Kai Wulff'),
('Fabian Wirth', 'eduardo sontag'),
('Fabian Wirth', 'Douglas Leith'),
('Fabian Wirth', 'Andrew Paice'),
('Fabian Wirth', 'Stefan Siegmund'),
('Fabian Wirth', 'Michael Kosmykov'),
('Fabian Wirth', 'Hiroshi Ito'),
('Fabian Wirth', 'Vahid S. Bokharaie'),
('Fabian Wirth', 'Claudio De Persis'),
('Fabian Wirth', 'Mircea Lazar'),
('Fabian Wirth', 'Andrii Mironchenko'),
('Fabian Wirth', 'Stephan Trenn'),
('Fabian Wirth', 'Martin Corless'),
('Jie Liu', 'Martin Tak'),
('Jie Liu', 'Jakub Konen'),
('Jie Liu', 'Peter Richtarik'),
('Jie Liu', 'Jakub Mareek'),
('guanglei wang', 'Jakub Mareek'),
('Jonathan Epperlein', 'Bassam Bamieh'),
('Jonathan Epperlein', 'Karl Johan strm'),
('Nasser R. Sabar', 'Masri Ayob'),
('Nasser R. Sabar', 'Professor Graham Kendall'),
('Nasser R. Sabar', 'Rong Qu'),
('Nasser R. Sabar', 'Andy Song'),
('Nasser R. Sabar', 'Mohd Zakree Ahmad Nazri'),
('Nasser R. Sabar', 'Salwani Abdullah'),
('Nasser R. Sabar', 'Ayad Turky'),
('Nasser R. Sabar', 'Barry McCollum'),
('Nasser R. Sabar', 'Esam Taha Yassen'),
('Nasser R. Sabar', 'Hamza Turabieh'),
('Nasser R. Sabar', 'Zalinda Othman'),
('Nasser R. Sabar', 'Erwin Pesch'),
('Nasser R. Sabar', 'Greet Vanden Berghe'),
('Nasser R. Sabar', 'Robert John'),
('Nasser R. Sabar', 'Patrick De Causmaecker'),
('Nasser R. Sabar', 'Professor Ruibin Bai'),
('Nasser R. Sabar', 'Jiawei Li'),
('Nasser R. Sabar', 'Michel Gendreau'),
('Nasser R. Sabar', 'Jacek Blazewicz'),
('Nasser R. Sabar', 'Abdul Razak Hamdan'),
('Jiawei Li', 'Professor Graham Kendall'),
('Jiawei Li', 'Simon J T Pollard'),
('Jiawei Li', 'Emma Soane'),
('Jiawei Li', 'Xin Yao'),
('Jiawei Li', 'Siang Yew Chong'),
('Jiawei Li', 'Philip Hingston'),
('Jiawei Li', 'Rong Qu'),
('Jiawei Li', 'ATHANASIOS VASILAKOS'),
('Jiawei Li', 'Gareth Davies'),
('Naimah Mohd Hussin', 'Professor Graham Kendall'),
('Naimah Mohd Hussin', 'Sharifah-Lailee Syed-Abdullah'),
('Naimah Mohd Hussin', 'Mazni Omar'),
('Naimah Mohd Hussin', 'Mohd Nasir Taib'),
('Naimah Mohd Hussin', 'Wan Nor Ashiqin Wan Ali'),
('Naimah Mohd Hussin', 'Peter Cowling'),
('Naimah Mohd Hussin', 'Zaidah  (PM) Ibrahim'),
('Simon Lucas', 'Julian Togelius'),
('Simon Lucas', 'Diego Perez-Liebana'),
('Simon Lucas', 'Thomas Philip Runarsson'),
('Simon J T Pollard', 'Phil Longhurst'),
('Simon J T Pollard', 'Frederic Coulon'),
('Simon J T Pollard', 'Emma Soane'),
('Simon J T Pollard', 'Raquel Duarte-Davidson'),
('Simon J T Pollard', 'Graeme Paton'),
('Simon J T Pollard', 'Kirk T Semple'),
('Simon J T Pollard', 'R.M.Harrison'),
('Simon J T Pollard', 'Sean Tyrrel'),
('Simon J T Pollard', 'Elise Cartmell'),
('Simon J T Pollard', 'Costas Velis'),
('Simon J T Pollard', 'Rupert L Hough'),
('Simon J T Pollard', 'Dr Nigel Simms'),
('Simon J T Pollard', 'Stuart Wagland'),
('Simon J T Pollard', 'Shaomin Wu'),
('Simon J T Pollard', 'George Prpich'),
('Simon J T Pollard', 'Simon Jackson'),
('Simon J T Pollard', 'James W S  Longhurst'),
('Simon J T Pollard', 'Professor Graham Kendall'),
('Simon J T Pollard', 'Paul Jeffrey'),
('Simon J T Pollard', 'Dr Raffaella Villa'),
('Engin Erzin', 'YUCEL YEMEZ'),
('Engin Erzin', 'MURAT TEKALP'),
('Engin Erzin', 'Elif Bozkurt'),
('Engin Erzin', 'A. Tanju Erdem'),
('Engin Erzin', 'Cigdem Eroglu Erdem'),
('Engin Erzin', 'A. Enis Cetin'),
('Engin Erzin', 'Mehmet Emre Sargin'),
('Engin Erzin', 'Ferda Ofli'),
('Engin Erzin', 'H. Ertan Cetingul'),
('Engin Erzin', 'Orhan Arikan'),
('Engin Erzin', 'Bekir Berker Trker'),
('Engin Erzin', 'Ulas Bagci'),
('Engin Erzin', 'Zhaojun Yang'),
('Engin Erzin', 'Angeliki Metallinou'),
('Engin Erzin', 'Shrikanth (Shri) Narayanan'),
('YUCEL YEMEZ', 'Engin Erzin'),
('YUCEL YEMEZ', 'MURAT TEKALP'),
('YUCEL YEMEZ', 'Bulent Sankur'),
('YUCEL YEMEZ', 'Mehmet Emre Sargin'),
('YUCEL YEMEZ', 'Ferda Ofli'),
('YUCEL YEMEZ', 'Yusuf Sahillioglu'),
('YUCEL YEMEZ', 'Elif Bozkurt'),
('Elif Bozkurt', 'Engin Erzin'),
('Elif Bozkurt', 'Cigdem Eroglu Erdem'),
('Elif Bozkurt', 'A. Tanju Erdem'),
('Elif Bozkurt', 'YUCEL YEMEZ'),
('Elif Bozkurt', 'MURAT TEKALP'),
('Elif Bozkurt', 'Cristian Canton Ferrer'),
('Elif Bozkurt', 'Ferda Ofli'),
('Elif Bozkurt', 'Jolle Tilmanne'),
('Elif Bozkurt', 'Lale Akarun'),
('Elif Bozkurt', 'Shahriar Asta'),
('Elif Bozkurt', 'Koray Balci'),
('Elif Bozkurt', 'Bekir Berker Trker'),
('Sanem Sariel', 'Tucker Balch'),
('Sanem Sariel', 'nadia erdogan'),
('Sanem Sariel', 'Mustafa Ersen'),
('Sanem Sariel', 'Dogan Altan'),
('Sanem Sariel', 'Bilge Gunsel'),
('Sanem Sariel', 'HULYA YALCIN'),
('Sanem Sariel', 'Esin Ergen'),
('Sanem Sariel', 'A. Sima Etaner - Uyar'),
('Sanem Sariel', 'Glen Eryiit'),
('Sanem Sariel', 'Grans Gven In'),
('Sanem Sariel', 'Gokhan Ince'),
('Sanem Sariel', 'Shahriar Asta'),
('Sanem Sariel', 'ar Erolu'),
('Sanem Sariel', 'H. Levent Akin'),
('Sanem Sariel', 'Beata Grzyb'),
('Julian Miller', 'Simon Harding'),
('Julian Miller', 'Andy Tyrrell'),
('Julian Miller', 'Dr. Gul Muhammad Khan'),
('Julian Miller', 'Dr James Alfred Walker'),
('Julian Miller', 'Wolfgang Banzhaf'),
('Julian Miller', 'Tatiana Kalganova'),
('Julian Miller', 'Martin Trefzer'),
('Julian Miller', 'Andrew James Turner'),
('Julian Miller', 'Tina Yu'),
('Julian Miller', 'Stephen L. Smith'),
('Julian Miller', 'David M. Halliday'),
('Julian Miller', 'James A. Foster'),
('Julian Miller', 'Mark Kieran Massey'),
('Julian Miller', 'Ahmed Younes'),
('Julian Miller', 'Odd Rune Lykkeb'),
('Julian Miller', 'Susan Stepney'),
('Julian Miller', 'Stjepan Picek'),
('Julian Miller', 'Domagoj Jakobovi'),
('Julian Miller', 'Riccardo Poli'),
('Julian Miller', 'Jeremy Ramsden'),
('Patricia Ryser-Welch', 'Julian Miller'),
('Patricia Ryser-Welch', 'Shahriar Asta'),
('Patricia Ryser-Welch', 'Jerry Swan'),
('Patricia Ryser-Welch', 'Martin Trefzer'),
('Patricia Ryser-Welch', 'Nuno Loureno'),
('Patricia Ryser-Welch', 'Nuno Loureno'),
('Mustafa Ersen', 'Sanem Sariel'),
('Robert John', 'Simon Coupland'),
('Robert John', 'j.m.mendel'),
('Robert John', 'Jonathan M. Garibaldi'),
('Robert John', 'Francisco Chiclana'),
('Robert John', 'Shang-Ming Zhou'),
('Robert John', 'Sarah Greenfield'),
('Robert John', 'Majid S Almaraashi'),
('Robert John', 'Simon Miller'),
('Robert John', 'Leila Baccour'),
('Robert John', 'Hani Hagras'),
('Robert John', 'Anna Syberfeldt'),
('Robert John', 'Mansoor Zolghadri Jahromi'),
('Robert John', 'Ender zcan'),
('Robert John', 'Hussam Hamrawi'),
('Robert John', 'Daniel Hissel'),
('Robert John', 'Marie-Ccile Pra'),
('Robert John', 'John Q Gan'),
('Robert John', 'Mehdi Roopaei'),
('Robert John', 'Arjab Singh Khuman (Archie Singh)'),
('Robert John', 'Professor Graham Kendall'),
('Peer-Olaf Siebers', 'Uwe Aickelin'),
('Peer-Olaf Siebers', 'Chris W Clegg'),
('Peer-Olaf Siebers', 'Giuliana Battisti'),
('Peer-Olaf Siebers', 'Christian Wagner'),
('Peer-Olaf Siebers', 'Rafael de Hoyos'),
('Peer-Olaf Siebers', 'Christine A Sprigg'),
('Roman Bartak', 'Hana Rudov'),
('Roman Bartak', 'Tom Mller'),
('Roman Bartak', 'Pavel Surynek'),
('Roman Bartak', 'Neng-Fa Zhou'),
('Roman Bartak', 'Lukas Chrpa'),
('Roman Bartak', 'Agostino Dovier'),
('Roman Bartak', 'Tomas Balyo'),
('Roman Bartak', 'Petr Vilm'),
('Roman Bartak', 'David Obdrlek'),
('Roman Bartak', 'Martin Cerny'),
('Roman Bartak', 'Filip Zelezny'),
('Pavel Troubil', 'Petr Slovak'),
('Pavel Troubil', 'Hana Rudov'),
('Pavel Fibich', 'Jan Lep'),
('Pavel Fibich', 'Meelis Prtel'),
('Pavel Fibich', 'Hana Rudov'),
('Pavel Fibich', 'Jan Altman'),
('Pavel Fibich', 'Jiri Dolezal'),
('Pavel Fibich', 'Milan Chytr'),
('Pavel Fibich', 'Jakub Titel'),
('Pavel Fibich', 'Petr Macek'),
('Pavel Fibich', 'Petr Klime'),
('Pavel Fibich', 'Tuomas Aakala'),
('Pavel Fibich', 'Lars Gtzenberger'),
('Pavel Fibich', 'Vojtech Novotny'),
('Pavel Fibich', 'George Weiblen'),
('Pavel Fibich', 'Jacob Weiner'),
('Pavel Fibich', 'Francesco de Bello'),
('Sbastien Verel', 'Philippe Collard'),
('Sbastien Verel', 'Marco Tomassini'),
('Sbastien Verel', 'Arnaud Liefooghe'),
('Sbastien Verel', 'Manuel Clergue'),
('Sbastien Verel', 'Gabriela Ochoa'),
('Sbastien Verel', 'Leonardo Vanneschi'),
('Sbastien Verel', 'Fabio Daolio'),
('Sbastien Verel', 'Clarisse Dhaenens'),
('Sbastien Verel', 'Laetitia Jourdan'),
('Sbastien Verel', 'Hernan Aguirre'),
('Sbastien Verel', 'Simoncini David'),
('Sbastien Verel', 'Yuri Pirola'),
('Sbastien Verel', 'Giancarlo Mauri'),
('Sbastien Verel', 'Michael Defoin Platel'),
('Sbastien Verel', 'Jin-Kao Hao'),
('Sbastien Verel', 'El-ghazali Talbi'),
('Sbastien Verel', 'Christian Darabos, Ph.D.'),
('Sbastien Verel', 'Dimo Brockhoff'),
('Sbastien Verel', 'Enrique Alba'),
('Sbastien Verel', 'Francisco Chicano'),
('Michel Gendreau', 'Gilbert Laporte'),
('Michel Gendreau', 'Teodor Gabriel Crainic'),
('Michel Gendreau', 'Louis-Martin Rousseau'),
('Michel Gendreau', 'Frederic Semet'),
('Michel Gendreau', 'hafid'),
('Michel Gendreau', 'ric D. Taillard'),
('Michel Gendreau', 'Gilles Pesant'),
('Michel Gendreau', 'Dominique Feillet'),
('Michel Gendreau', 'Vidal Thibaut'),
('Michel Gendreau', 'Alain Hertz'),
('Michel Gendreau', 'Edmund Kieran Burke'),
('Michel Gendreau', 'Christian PRINS'),
('Michel Gendreau', 'Professor Graham Kendall'),
('Michel Gendreau', 'Soumia Ichoua'),
('Michel Gendreau', 'Jean-Franois Cordeau'),
('Michel Gendreau', 'Gabriela Ochoa'),
('Michel Gendreau', 'Mustapha Nourelfath'),
('Michel Gendreau', 'Tagmouti Mariam'),
('Michel Gendreau', 'Martine Labb'),
('Michel Gendreau', 'Silvano Martello'),
('Fabio Daolio', 'Marco Tomassini'),
('Fabio Daolio', 'Sbastien Verel'),
('Fabio Daolio', 'Gabriela Ochoa'),
('Fabio Daolio', 'Stefano Cagnoni'),
('Fabio Daolio', 'Luca Mussi'),
('Fabio Daolio', 'Hans J. Herrmann'),
('Fabio Daolio', 'Vitor H. P. Louzada'),
('Fabio Daolio', 'Hernan Aguirre'),
('Fabio Daolio', 'Arnaud Liefooghe'),
('Fabio Daolio', 'Elena Cardarelli'),
('Fabio Daolio', 'Eelke Heemskerk'),
('Fabio Daolio', 'Enrique Alba'),
('Fabio Daolio', 'Francisco Chicano'),
('Fabio Daolio', 'Luca Ferreri'),
('Nadarajen Veerapen', 'Gabriela Ochoa'),
('Nadarajen Veerapen', 'Edmund Kieran Burke'),
('Nadarajen Veerapen', 'Nathan Burles'),
('Nadarajen Veerapen', 'Jerry Swan'),
('Nadarajen Veerapen', 'Alexander E.I. Brownlee'),
('Nadarajen Veerapen', 'Edward Bowles'),
('Nadarajen Veerapen', 'Darrell Whitley'),
('Nadarajen Veerapen', 'Mark Harman'),
('Nadarajen Veerapen', 'Dario Landa-Silva'),
('Nadarajen Veerapen', 'Xavier Gandibleux'),
('Nadarajen Veerapen', 'Renato Tins'),
('Nadarajen Veerapen', 'Fabio Daolio'),
('Nadarajen Veerapen', 'Marco Tomassini'),
('Nadarajen Veerapen', 'Frdric Saubion'),
('Klaus Jaffe', 'Aivle Cabrera'),
('Klaus Jaffe', 'Hugo Cerda'),
('Klaus Jaffe', 'Flvio Henrique Caetano'),
('Klaus Jaffe', 'Gabriela Ochoa'),
('Klaus Jaffe', 'Nico Blthgen'),
('Klaus Jaffe', 'Fowler, H.G.'),
('Klaus Jaffe', 'Alberto Arab'),
('Klaus Jaffe', 'Heraldo Vasconcelos'),
('Klaus Jaffe', 'Susan Cunningham'),
('Darrell Whitley', 'Adele Howe'),
('Darrell Whitley', 'Jean-Paul Watson'),
('Darrell Whitley', 'Andrew M. Sutton'),
('Darrell Whitley', 'Indrajit Ray'),
('Darrell Whitley', 'Rinku Dewri'),
('Darrell Whitley', 'Robert Heckendorn'),
('Darrell Whitley', 'Indrakshi Ray'),
('Darrell Whitley', 'V. Scott Gordon'),
('Darrell Whitley', 'Rajarshi Das'),
('Darrell Whitley', 'Francisco Chicano'),
('Darrell Whitley', 'Yashwant K Malaiya'),
('Darrell Whitley', 'fred gruau'),
('Darrell Whitley', 'J. Ross Beveridge'),
('Darrell Whitley', 'Doug Hains'),
('Darrell Whitley', 'Larry D. Pyeatt'),
('Darrell Whitley', 'Chris Bogart'),
('Darrell Whitley', 'Jonathan Rowe'),
('Darrell Whitley', 'Mark \"mak\" Roberts'),
('Darrell Whitley', 'Wenxiang Chen'),
('Darrell Whitley', 'J. Christopher Beck'),
('Jorge Alberto Soria Alcaraz', 'Martin Carpio'),
('Jorge Alberto Soria Alcaraz', 'Gabriela Ochoa'),
('Jorge Alberto Soria Alcaraz', 'Jerry Swan'),
('Jorge Alberto Soria Alcaraz', 'Andrs Espinal'),
('Jorge Alberto Soria Alcaraz', 'Hugo Terashima-Marn'),
('Francisco Chicano', 'Enrique Alba'),
('Francisco Chicano', 'Francisco Luna'),
('Francisco Chicano', 'Antonio J. Nebro'),
('Francisco Chicano', 'Juan J. Durillo'),
('Francisco Chicano', 'Bernabe Dorronsoro'),
('Francisco Chicano', 'Sergio Nesmachnow'),
('Francisco Chicano', 'Jose Garca-Nieto'),
('Ed Keedwell', 'Dragan Savic'),
('Ed Keedwell', 'Kent McClymont'),
('Ed Keedwell', 'Albert S. Chen'),
('Ed Keedwell', 'Michele Guidolin'),
('Ed Keedwell', 'Antony Galton'),
('Ed Keedwell', 'John RB Perry'),
('Ed Keedwell', 'David Corne'),
('Ed Keedwell', 'Darren P Croft'),
('Dragan Savic', 'Zoran Kapelan'),
('Dragan Savic', 'Slobodan Djordjevic'),
('Dragan Savic', 'Raziyeh Farmani'),
('Dragan Savic', 'Ed Keedwell'),
('Dragan Savic', 'Albert S. Chen'),
('Dragan Savic', 'Khu Soon-Thiam'),
('Dragan Savic', 'Mark Morley'),
('Dragan Savic', 'Daniele Laucelli'),
('Dragan Savic', 'Jorge Leandro'),
('Dragan Savic', 'Darko Joksimovic'),
('Dragan Savic', 'Angelo Doglioni'),
('Dragan Savic', 'Maria Conceio Cunha'),
('Dragan Savic', 'Jakobus Ernst Van Zyl'),
('Dragan Savic', 'Peter Skipworth'),
('Dragan Savic', 'Michele Guidolin'),
('Dragan Savic', 'Andrew P Duncan PhD'),
('Dragan Savic', 'Janez Susnik'),
('Dragan Savic', 'Christos Makropoulos'),
('Dragan Savic', 'Adrian Cashman'),
('Dragan Savic', 'Chris Hutton'),
('G. Gutin', 'Dave Cohen'),
('G. Gutin', 'Peter Jeavons'),
('Abraham P. Punnen', 'G. Gutin'),
('Abraham P. Punnen', 'James B. Orlin'),
('Abraham P. Punnen', 'Ravindra Ahuja'),
('Abraham P. Punnen', 'Ozlem Ergun'),
('Abraham P. Punnen', 'Daniel Karapetyan'),
('Abraham P. Punnen', 'Snezana Mitrovic-Minic'),
('Abraham P. Punnen', 'Fred Glover'),
('Abraham P. Punnen', 'Andreas S. Schulz'),
('Abraham P. Punnen', 'Krishna Teja Malladi'),
('Abraham P. Punnen', 'Ante usti'),
('Abraham P. Punnen', 'Nabil Belacel, Ph.D. P.Eng.'),
('Abraham P. Punnen', 'Palaniappan Vellaisamy'),
('Abraham P. Punnen', 'Andrea Lodi'),
('Abraham P. Punnen', 'Eric Aubanel'),
('Abraham P. Punnen', 'Gary Kochenberger'),
('Abraham P. Punnen', 'Yinyu Ye'),
('Abraham P. Punnen', 'Andrew J Parkes'),
('Abraham P. Punnen', 'Prabha Sharma'),
('Manuel Lpez-Ibez', 'Thomas Sttzle'),
('Manuel Lpez-Ibez', 'Jrmie Dubois-Lacoste'),
('Manuel Lpez-Ibez', 'Lus Paquete'),
('Manuel Lpez-Ibez', 'Mauro Birattari'),
('Manuel Lpez-Ibez', 'Carlos M. Fonseca'),
('Manuel Lpez-Ibez', 'Ben Paechter'),
('Manuel Lpez-Ibez', 'Christian Blum'),
('Manuel Lpez-Ibez', 'Franco Mascia'),
('Manuel Lpez-Ibez', 'Leonardo C. T. Bezerra'),
('Manuel Lpez-Ibez', 'Marco Dorigo'),
('Manuel Lpez-Ibez', 'Marco A. Montes de Oca'),
('Manuel Lpez-Ibez', 'Leslie Perez Caceres'),
('Manuel Lpez-Ibez', 'Joshua Knowles'),
('Manuel Lpez-Ibez', 'Paola Pellegrini'),
('Manuel Lpez-Ibez', 'Vito Trianni'),
('Manuel Lpez-Ibez', 'Marco Laumanns'),
('Manuel Lpez-Ibez', 'Maria J. Blesa'),
('Manuel Lpez-Ibez', 'Holger Hoos'),
('Manuel Lpez-Ibez', 'Andreia P. Guerreiro'),
('Manuel Lpez-Ibez', 'Frank Hutter'),
('A.E. Eiben', 'Jim Smith'),
('A.E. Eiben', 'Evert Haasdijk'),
('A.E. Eiben', 'S.K. Smit'),
('A.E. Eiben', 'Zbigniew Michalewicz'),
('A.E. Eiben', 'Jano van Hemert'),
('A.E. Eiben', 'Marc Schoenauer'),
('A.E. Eiben', 'Thomas Bck'),
('A.E. Eiben', 'Volker Nannen'),
('A.E. Eiben', 'Nicolas Bredeche'),
('A.E. Eiben', 'Juan J. Merelo Guervs'),
('A.E. Eiben', 'Elena Marchiori'),
('A.E. Eiben', 'K. van Hee'),
('A.E. Eiben', 'Eelco den Heijer'),
('A.E. Eiben', 'Berend Weel'),
('A.E. Eiben', 'Mark Jelasity'),
('A.E. Eiben', 'Emile Aarts'),
('A.E. Eiben', 'Maarten van Steen'),
('A.E. Eiben', 'Ben Paechter'),
('A.E. Eiben', 'Joost Kok'),
('A.E. Eiben', 'Juan Luis Jimenez Laredo'),
('Joshua Knowles', 'David Corne'),
('Joshua Knowles', 'Julia Handl'),
('Joshua Knowles', 'Douglas Kell'),
('Joshua Knowles', 'Warwick Dunn'),
('Joshua Knowles', 'Antony Halsall'),
('Joshua Knowles', 'Marco Dorigo'),
('Joshua Knowles', 'Roy Goodacre'),
('Joshua Knowles', 'David Broadhurst'),
('Joshua Knowles', 'Steve O:Hagan'),
('Joshua Knowles', 'Kalyanmoy Deb'),
('Joshua Knowles', 'Lothar Thiele'),
('Joshua Knowles', 'Richard Allmendinger'),
('Joshua Knowles', 'Ian D Wilson'),
('Joshua Knowles', 'Simon Lovell'),
('Joshua Knowles', 'Mark Platt'),
('Joshua Knowles', 'David C Wedge'),
('Joshua Knowles', 'Ben Paechter'),
('Joshua Knowles', 'Richard A. Watson'),
('Joshua Knowles', 'luca maria gambardella'),
('Joshua Knowles', 'Marco Chiarandini'),
('Juan J. Merelo Guervs', 'Pedro A. Castillo'),
('Juan J. Merelo Guervs', 'Antonio Mora'),
('Juan J. Merelo Guervs', 'Juan Luis Jimenez Laredo'),
('Juan J. Merelo Guervs', 'Gustavo Romero Lpez'),
('Juan J. Merelo Guervs', 'Pablo Garca-Snchez'),
('Juan J. Merelo Guervs', 'Alberto Prieto'),
('Juan J. Merelo Guervs', 'Vctor Manuel Rivas Santos'),
('Juan J. Merelo Guervs', 'Carlos M. Fernandes'),
('Juan J. Merelo Guervs', 'Carlos Cotta'),
('Juan J. Merelo Guervs', 'Fernando Tricas Garca'),
('Juan J. Merelo Guervs', 'Federico Moran'),
('Juan J. Merelo Guervs', 'Anna I Esparcia-Alcazar'),
('Juan J. Merelo Guervs', 'Francisco Fernandez de Vega'),
('Juan J. Merelo Guervs', 'Agostinho C da Rosa'),
('Juan J. Merelo Guervs', 'Antonio Fernndez Ares'),
('Juan J. Merelo Guervs', 'Marc Schoenauer'),
('Juan J. Merelo Guervs', 'Jess Gonzlez Pealver'),
('Juan J. Merelo Guervs', 'Miguel Andrade'),
('Juan J. Merelo Guervs', 'A.E. Eiben'),
('Juan J. Merelo Guervs', 'Mario Garcia Valdez'),
('Mark Jelasity', 'Alberto Montresor'),
('Mark Jelasity', 'Ozalp Babaoglu'),
('Mark Jelasity', 'Maarten van Steen'),
('Mark Jelasity', 'Istvn Hegeds'),
('Mark Jelasity', 'Anne-Marie Kermarrec'),
('Mark Jelasity', 'Rbert Ormndi'),
('Mark Jelasity', 'rachid guerraoui'),
('Mark Jelasity', 'Spyros Voulgaris'),
('Mark Jelasity', 'Wojtek Kowalczyk'),
('Mark Jelasity', 'A.E. Eiben'),
('Mark Jelasity', 'Gianni A. Di Caro'),
('Mark Jelasity', 'Frederick Ducatelle'),
('Mark Jelasity', 'Roberto Montemanni'),
('Mark Jelasity', 'Ben Paechter'),
('Mark Jelasity', 'Mike Preuss'),
('Mark Jelasity', 'Niloy Ganguly'),
('Mark Jelasity', 'luca maria gambardella'),
('Mark Jelasity', 'Tibor Gyimothy'),
('Mark Jelasity', 'Andreas Deutsch'),
('Mark Jelasity', 'Inmaculada Garcia Fernandez'),
('Marco Dorigo', 'Mauro Birattari'),
('Marco Dorigo', 'Thomas Sttzle'),
('Marco Dorigo', 'luca maria gambardella'),
('Marco Dorigo', 'Vittorio Maniezzo'),
('Marco Dorigo', 'Gianni A. Di Caro'),
('Marco Dorigo', 'Francesco Mondada'),
('Marco Dorigo', 'Vito Trianni'),
('Marco Dorigo', 'Roderich Gro'),
('Marco Dorigo', 'Carlo Pinciroli'),
('Marco Dorigo', 'Anders Lyhne Christensen'),
('Marco Dorigo', 'Eliseo Ferrante'),
('Marco Dorigo', 'Eric Bonabeau'),
('Marco Dorigo', 'Guy Theraulaz'),
('Marco Dorigo', 'Elio Tuci'),
('Marco Dorigo', 'Marco A. Montes de Oca'),
('Marco Dorigo', 'Christian Blum'),
('Marco Dorigo', 'Stefano Nolfi'),
('Marco Dorigo', 'Arne Brutschy'),
('Marco Dorigo', 'Dario Floreano'),
('Marco Dorigo', 'Alexandre Campo'),
('Monaldo Mastrolilli', 'luca maria gambardella'),
('Monaldo Mastrolilli', 'Ola Svensson'),
('Monaldo Mastrolilli', 'Klaus Jansen'),
('Monaldo Mastrolilli', 'Marco Chiarandini'),
('Monaldo Mastrolilli', 'Mauro Birattari'),
('Monaldo Mastrolilli', 'Lus Paquete'),
('Monaldo Mastrolilli', 'Andrea-Emilio Rizzoli'),
('Monaldo Mastrolilli', 'Christian Blum'),
('Monaldo Mastrolilli', 'Marco Dorigo'),
('Monaldo Mastrolilli', 'Ben Paechter'),
('Monaldo Mastrolilli', 'Joshua Knowles'),
('Monaldo Mastrolilli', 'Thomas Sttzle'),
('Monaldo Mastrolilli', 'Roberto Montemanni'),
('Monaldo Mastrolilli', 'Andreas S. Schulz'),
('Monaldo Mastrolilli', 'Fabian Kuhn'),
('Monaldo Mastrolilli', 'Arash Rafiey'),
('Monaldo Mastrolilli', 'Fornara Nicoletta'),
('Monaldo Mastrolilli', 'Marcus Hutter'),
('Monaldo Mastrolilli', 'Marek Cygan'),
('Monaldo Mastrolilli', 'Fabrizio Grandoni'),
('Bart Craenen', 'A.E. Eiben'),
('Bart Craenen', 'Georgios Theodoropoulos'),
('Bart Craenen', 'Vince Gaffney'),
('Bart Craenen', 'Elena Marchiori'),
('Bart Craenen', 'Jano van Hemert'),
('Bart Craenen', 'Tapani Ristaniemi'),
('Bart Craenen', 'Professor Asoke K. Nandi'),
('Bart Craenen', 'Nigel Gilbert'),
('Bart Craenen', 'Matthijs den Besten'),
('Bart Craenen', 'Federico Divina'),
('Bart Craenen', 'Ben Paechter'),
('Bart Craenen', 'Fengyu Cong'),
('Bart Craenen', 'Petri Toiviainen'),
('Bart Craenen', 'Rui Fa'),
('Bart Craenen', 'Basel Abu-Jamous'),
('Bart Craenen', 'Minna Huotilainen'),
('Bart Craenen', 'Emma Hart'),
('Bart Craenen', 'Susanne I. Schmidt'),
('Bart Craenen', 'Jan-Ulrich Kreft'),
('Bart Craenen', 'Rae Mackay'),
('Mike Preuss', 'Thomas Bartz-Beielstein'),
('Mike Preuss', 'Ruxandra Stoean'),
('Mike Preuss', 'Julian Togelius'),
('Mike Preuss', 'Catalin Stoean'),
('Mike Preuss', 'Boris Naujoks'),
('Mike Preuss', 'D. Dumitrescu'),
('Mike Preuss', 'Heike Trautmann'),
('Mike Preuss', 'Georgios N. Yannakakis'),
('Mike Preuss', 'Olaf Mersmann'),
('Mike Preuss', 'Pier Luca Lanzi'),
('Mike Preuss', 'Mark Jelasity'),
('Mike Preuss', 'A.E. Eiben'),
('Mike Preuss', 'Johan Hagelbck'),
('Mike Preuss', 'Ben Paechter'),
('Mike Preuss', 'Tobias Wagner'),
('Mike Preuss', 'Daniele Loiacono'),
('Mike Preuss', 'Philip Hingston'),
('Mike Preuss', 'Holger Hoos'),
('Mauro Birattari', 'Marco Dorigo'),
('Mauro Birattari', 'Thomas Sttzle'),
('Mauro Birattari', 'Gianluca Bontempi'),
('Mauro Birattari', 'Carlo Pinciroli'),
('Mauro Birattari', 'Prasanna Balaprakash'),
('Mauro Birattari', 'Arne Brutschy'),
('Mauro Birattari', 'Manuele Brambilla'),
('Mauro Birattari', 'Eliseo Ferrante'),
('Mauro Birattari', 'Paola Pellegrini'),
('Mauro Birattari', 'Gianpiero Francesca'),
('Mauro Birattari', 'Vito Trianni'),
('Mauro Birattari', 'Gianni A. Di Caro'),
('Mauro Birattari', 'Carlotta Piscopo'),
('Thomas Sttzle', 'Mauro Birattari'),
('Thomas Sttzle', 'Marco Dorigo'),
('Thomas Sttzle', 'Holger Hoos'),
('Thomas Sttzle', 'Manuel Lpez-Ibez'),
('Thomas Sttzle', 'Marco A. Montes de Oca'),
('Thomas Sttzle', 'Lus Paquete'),
('Thomas Sttzle', 'Marco Chiarandini'),
('Thomas Sttzle', 'Prasanna Balaprakash'),
('Thomas Sttzle', 'Jrmie Dubois-Lacoste'),
('Thomas Sttzle', 'Tianjun Liao'),
('Thomas Sttzle', 'Zhi Yuan'),
('Thomas Sttzle', 'Helena Ramalhinho Loureno'),
('Thomas Sttzle', 'Rubn Ruiz'),
('Thomas Sttzle', 'Frank Hutter'),
('Thomas Sttzle', 'Franco Mascia'),
('Thomas Sttzle', 'luca maria gambardella'),
('Thomas Sttzle', 'Olivier Martin'),
('Thomas Sttzle', 'Paola Pellegrini'),
('Thomas Sttzle', 'Matthijs den Besten'),
('Thomas Sttzle', 'doan aydn'),
('Lus Paquete', 'Thomas Sttzle'),
('Lus Paquete', 'Marco Chiarandini'),
('Lus Paquete', 'Carlos M. Fonseca'),
('Lus Paquete', 'Manuel Lpez-Ibez'),
('Lus Paquete', 'Mauro Birattari'),
('Lus Paquete', 'Monaldo Mastrolilli'),
('Lus Paquete', 'Tommaso Schiavinotto'),
('Lus Paquete', 'Jos Rui Figueira'),
('Lus Paquete', 'Mike Preuss'),
('Lus Paquete', 'Thomas Bartz-Beielstein'),
('Lus Paquete', 'Arnaud Liefooghe'),
('Lus Paquete', 'luca maria gambardella'),
('Lus Paquete', 'Ben Paechter'),
('Lus Paquete', 'Marco Dorigo'),
('Lus Paquete', 'Joshua Knowles'),
('Lus Paquete', 'Andreia P. Guerreiro'),
('Lus Paquete', 'Marco Simes'),
('Lus Paquete', 'Pedro Matias'),
('Lus Paquete', 'Kathrin Klamroth'),
('Lus Paquete', 'Antonio Mendes'),
('Vincenzo Della Mea', 'Stefano Mizzaro'),
('Vincenzo Della Mea', 'Luca Di Gaspero'),
('Vincenzo Della Mea', 'Paolo Coppola'),
('Vincenzo Della Mea', 'Luca Vassena'),
('Vincenzo Della Mea', 'Francesca Demichelis'),
('Vincenzo Della Mea', 'T. Bedirhan Ustun'),
('Vincenzo Della Mea', 'Alan Rector'),
('Vincenzo Della Mea', 'Christopher G. Chute'),
('Vincenzo Della Mea', 'Stefan Schulz'),
('Vincenzo Della Mea', 'Arvydas Laurinavicius'),
('Vincenzo Della Mea', 'Luca Quartuccio'),
('Vincenzo Della Mea', 'Roberto Gerli'),
('Vincenzo Della Mea', 'Elena Bartoloni Bocci'),
('Vincenzo Della Mea', 'Guido Valesini'),
('Vincenzo Della Mea', 'Miriam Isola'),
('Vincenzo Della Mea', 'Eddy Maddalena'),
('Vincenzo Della Mea', 'Elena Nazzi'),
('Vincenzo Della Mea', 'Aprile Giuseppe'),
('Vincenzo Della Mea', 'Gianluca Demartini'),
('Vincenzo Della Mea', 'Claudio Eccher'),
('Stefano Mizzaro', 'Vincenzo Della Mea'),
('Stefano Mizzaro', 'Luca Vassena'),
('Stefano Mizzaro', 'Luca Di Gaspero'),
('Stefano Mizzaro', 'Carlo Tasso'),
('Stefano Mizzaro', 'Paolo Coppola'),
('Stefano Mizzaro', 'Giorgio Brajnik'),
('Stefano Mizzaro', 'Elena Nazzi'),
('Stefano Mizzaro', 'Claudio Carpineto'),
('Stefano Mizzaro', 'Eddy Maddalena'),
('Stefano Mizzaro', 'Falk Scholer'),
('Stefano Mizzaro', 'Gianluca Demartini'),
('Stefano Mizzaro', 'Marco Pavan'),
('Stefano Mizzaro', 'Andrew Turpin'),
('Stefano Mizzaro', 'Fabio Crestani'),
('Stefano Mizzaro', 'Stefano De Sabbata'),
('Stefano Mizzaro', 'Mark Sanderson'),
('Stefano Mizzaro', 'Andrea Schaerf'),
('Stefano Mizzaro', 'Matt Jones'),
('Stefano Mizzaro', 'Julio Gonzalo'),
('Stefano Mizzaro', 'Enrique Amig'),
('Paolo Coppola', 'Stefano Mizzaro'),
('Paolo Coppola', 'Vincenzo Della Mea'),
('Paolo Coppola', 'Luca Di Gaspero'),
('Paolo Coppola', 'Luca Vassena'),
('Paolo Coppola', 'Ivan Scagnetto'),
('Paolo Coppola', 'Ugo Dal Lago'),
('Paolo Coppola', 'Elena Nazzi'),
('Paolo Coppola', 'asperti'),
('Paolo Coppola', 'Luca Chittaro'),
('Paolo Coppola', 'Paolo Omero'),
('Tommaso Urli', 'Luca Di Gaspero'),
('Tommaso Urli', 'Andrea Rendl'),
('Tommaso Urli', 'Andrea Schaerf'),
('Tommaso Urli', 'Markus Wagner'),
('Tommaso Urli', 'Sara Ceschia'),
('Tommaso Urli', 'Roberto Ranon'),
('Tommaso Urli', 'Ruggero Bellio'),
('Tommaso Urli', 'Frank Neumann'),
('Tommaso Urli', 'Philip Kilby'),
('Tommaso Urli', 'Marc Christie'),
('Tommaso Urli', 'Pascal Van Hentenryck'),
('Tommaso Urli', 'Daniel Guimarans'),
('Tommaso Urli', 'Daniel Harabor'),
('Tommaso Urli', 'Arthur Maho'),
('Luca Vassena', 'Stefano Mizzaro'),
('Luca Vassena', 'Paolo Coppola'),
('Luca Vassena', 'Vincenzo Della Mea'),
('Luca Vassena', 'Luca Di Gaspero'),
('Luca Vassena', 'Elena Nazzi'),
('Luca Vassena', 'Stefano De Sabbata'),
('Sara Ceschia', 'Andrea Schaerf'),
('Sara Ceschia', 'Luca Di Gaspero'),
('Sara Ceschia', 'Tommaso Urli'),
('Sara Ceschia', 'Ruggero Bellio'),
('Sara Ceschia', 'Patrick De Causmaecker'),
('Sara Ceschia', 'Thomas Sttzle'),
('Sara Ceschia', 'Nysret Musliu'),
('Nysret Musliu', 'Wolfgang Slany'),
('Nysret Musliu', 'Johannes Gaertner'),
('Nysret Musliu', 'Andrea Schaerf'),
('Nysret Musliu', 'Luca Di Gaspero'),
('Nysret Musliu', 'Georg Gottlob'),
('Nysret Musliu', 'Guy Kortsarz'),
('Nysret Musliu', 'Artan Dermaku'),
('Nysret Musliu', 'Martin Grohe'),
('Nysret Musliu', 'Francesco Scarcello'),
('Nysret Musliu', 'Stefan Rmmele'),
('Nysret Musliu', 'Gerhard Post'),
('Nysret Musliu', 'Haroldo Gambini Santos'),
('Nysret Musliu', 'Jrgen Dorn'),
('Nysret Musliu', 'Kadri Sylejmani'),
('Nysret Musliu', 'Torsten Schaub'),
('Nysret Musliu', 'Martin Gebser'),
('Nysret Musliu', 'Tommi Krkkinen'),
('Nysret Musliu', 'Sandford Bessler'),
('Nysret Musliu', 'Sara Ceschia'),
('Nysret Musliu', 'Lukas F. Lang'),
('Andrea Rendl', 'Ian Miguel'),
('Andrea Rendl', 'Ian Gent'),
('Andrea Rendl', 'Matthias Prandtstetter'),
('Andrea Rendl', 'Tommaso Urli'),
('Andrea Rendl', 'Luca Di Gaspero'),
('Andrea Rendl', 'Jakob Puchinger'),
('Andrea Rendl', 'Gerhard Hiermann'),
('Andrea Rendl', 'Peter Gregory'),
('Andrea Rendl', 'Peter Stuckey'),
('Andrea Rendl', 'Guido Tack'),
('Andrea Rendl', 'Peter Nightingale'),
('Andrea Rendl', 'Karen Petrie'),
('Andrea Rendl', 'J. Christopher Beck'),
('Ruggero Bellio', 'nicola sartori'),
('Ruggero Bellio', 'Michela Battauz'),
('Ruggero Bellio', 'Cristiano Varin'),
('Ruggero Bellio', 'Tommaso Urli'),
('Ruggero Bellio', 'Sara Ceschia'),
('Ruggero Bellio', 'Francesco Bartolucci'),
('Ruggero Bellio', 'Annamaria Guolo'),
('Ruggero Bellio', 'Luca Grassetti'),
('Ruggero Bellio', 'Mauro Coletto'),
('Giacomo Di Tollo', 'Andrea Schaerf');
INSERT INTO `connections` (`sourceScholar`, `targetScholar`) VALUES
('Giacomo Di Tollo', 'Luca Di Gaspero'),
('Giacomo Di Tollo', 'Stoyan Tanev'),
('Giacomo Di Tollo', 'Enrico Schumann'),
('Giacomo Di Tollo', 'Frdric Lardeux'),
('Giacomo Di Tollo', 'Davide De March'),
('Giacomo Di Tollo', 'Mauro Birattari'),
('Giacomo Di Tollo', 'Thomas Sttzle'),
('Giacomo Di Tollo', 'raffaele pesenti'),
('Giacomo Di Tollo', 'Giacomo Liotta'),
('Giacomo Di Tollo', 'Eliseo Ferrante'),
('Giacomo Di Tollo', 'Prasanna Balaprakash'),
('Agostino Dovier', 'Enrico  Pontelli'),
('Agostino Dovier', 'ROSSI GIANFRANCO'),
('Agostino Dovier', 'Alessandro Dal Palu:'),
('Agostino Dovier', 'Carla Piazza'),
('Agostino Dovier', 'Alberto Policriti'),
('Agostino Dovier', 'Federico Fogolari'),
('Agostino Dovier', 'Luca Bortolussi'),
('Agostino Dovier', 'Neng-Fa Zhou'),
('Agostino Dovier', 'Federico Campeotto'),
('Agostino Dovier', 'Sebastian Will'),
('Agostino Dovier', 'Elisa Quintarelli'),
('Agostino Dovier', 'Ferdinando Fioretto'),
('Agostino Dovier', 'Franois Fages'),
('Agostino Dovier', 'Rolf Backofen'),
('Agostino Dovier', 'Luca Di Gaspero'),
('Agostino Dovier', 'Roman Bartak'),
('Agostino Dovier', 'Puri Arenas'),
('Agostino Dovier', 'Agostino Cortesi'),
('Agostino Dovier', 'Roberto Giacobazzi'),
('Agostino Dovier', 'Letizia Tanca'),
('Francesco M. Donini', 'Tommaso Di Noia'),
('Francesco M. Donini', 'Simona Colucci'),
('Francesco M. Donini', 'Marina Mongiello'),
('Francesco M. Donini', 'Maurizio Lenzerini'),
('Francesco M. Donini', 'Azzurra Ragone'),
('Francesco M. Donini', 'Andrea Schaerf'),
('Francesco M. Donini', 'Werner Nutt'),
('Francesco M. Donini', 'Michele Ruta'),
('Francesco M. Donini', 'Eufemia Tinelli'),
('Francesco M. Donini', 'Riccardo Rosati'),
('Francesco M. Donini', 'Fabio Massacci'),
('Francesco M. Donini', 'Umberto Straccia'),
('Francesco M. Donini', 'Diego Calvanese'),
('Francesco M. Donini', 'Floriano Scioscia'),
('Francesco M. Donini', 'Silvia Giannini'),
('Francesco M. Donini', 'Andrea Cal'),
('Francesco M. Donini', 'Agnese Pinto'),
('Francesco M. Donini', 'Michael Wellman'),
('Francesco M. Donini', 'Daniela Castelluccia'),
('Francesco M. Donini', 'Roberto Mirizzi'),
('Maurizio Lenzerini', 'Giuseppe De Giacomo'),
('Maurizio Lenzerini', 'Diego Calvanese'),
('Maurizio Lenzerini', 'Riccardo Rosati'),
('Maurizio Lenzerini', 'Domenico Lembo'),
('Maurizio Lenzerini', 'Daniele Nardi'),
('Maurizio Lenzerini', 'Antonella Poggi'),
('Maurizio Lenzerini', 'Moshe Y. Vardi'),
('Maurizio Lenzerini', 'Francesco M. Donini'),
('Maurizio Lenzerini', 'Carlo Batini'),
('Maurizio Lenzerini', 'Andrea Schaerf'),
('Maurizio Lenzerini', 'Andrea Cal'),
('Maurizio Lenzerini', 'Domenico Fabio Savo'),
('Maurizio Lenzerini', 'Massimo Mecella'),
('Maurizio Lenzerini', 'Werner Nutt'),
('Maurizio Lenzerini', 'Panos Vassiliadis'),
('Maurizio Lenzerini', 'Mariano Rodrguez Muro'),
('Maurizio Lenzerini', 'Tiziana Catarci'),
('Maurizio Lenzerini', 'Shamkant B Navathe'),
('Maurizio Lenzerini', 'Ralf Mller'),
('Maurizio Lenzerini', 'Alexander Borgida'),
('Krzysztof R. Apt', 'Leszek Pacholski'),
('Gerhard Post', 'Hemant Unadkat'),
('Gerhard Post', 'Marc Uetz'),
('Gerhard Post', 'blitterswijk c'),
('Gerhard Post', 'Jan de Boer'),
('Gerhard Post', 'Edmund Kieran Burke'),
('Gerhard Post', 'Marcel Reinders'),
('Gerhard Post', 'Rong Qu'),
('Gerhard Post', 'Alexander Turbiner'),
('Gerhard Post', 'Andrea Schaerf'),
('Gerhard Post', 'Sophia Daskalaki'),
('Gerhard Post', 'Barry McCollum'),
('Gerhard Post', 'Luca Di Gaspero'),
('Gerhard Post', 'Gerhard Woeginger'),
('Gerhard Post', 'Egbert van der Veen'),
('Gerhard Post', 'Alice Fialowski'),
('Gerhard Post', 'Jan-Kees van Ommeren'),
('Gerhard Post', 'Nysret Musliu'),
('Gerhard Post', 'Christos Gogos'),
('Gerhard Post', 'Haroldo Gambini Santos'),
('Gerhard Post', 'Nelishia Pillay'),
('Luigi Palopoli', 'Domenico Ursino'),
('Luigi Palopoli', 'Giorgio Terracina'),
('Luigi Palopoli', 'Domenico Sacca:'),
('Luigi Palopoli', 'Fabrizio Angiulli'),
('Luigi Palopoli', 'Simona Rombo'),
('Luigi Palopoli', 'Gianluigi Greco'),
('Luigi Palopoli', 'Francesco Scarcello'),
('Luigi Palopoli', 'Domenico Rosaci'),
('Luigi Palopoli', 'Enrico Malizia'),
('Luigi Palopoli', 'Fabio Fassetti'),
('Luigi Palopoli', 'Giuseppe Sarn'),
('Luigi Palopoli', 'Riccardo Torlone'),
('Luigi Palopoli', 'Giovambattista Ianni'),
('Luigi Palopoli', 'simona panni'),
('Luigi Palopoli', 'Valeria Fionda'),
('Luigi Palopoli', 'Nicola Leone'),
('Luigi Palopoli', 'Andrea Schaerf'),
('Luigi Palopoli', 'Francesco Buccafurri'),
('Luigi Palopoli', 'Alfredo Garro'),
('Luigi Palopoli', 'luigi pontieri'),
('Sophia Daskalaki', 'Nikolaos Avouris'),
('Sophia Daskalaki', 'Efthymios Housos'),
('Sophia Daskalaki', 'Gerhard Post'),
('Sophia Daskalaki', 'Nikolaos Tselios'),
('Sophia Daskalaki', 'Christos Gogos'),
('Sophia Daskalaki', 'Andrea Schaerf'),
('Sophia Daskalaki', 'Haroldo Gambini Santos'),
('Sophia Daskalaki', 'Nelishia Pillay'),
('Sophia Daskalaki', 'Nysret Musliu'),
('Jonathan W. Gillard', 'Anatoly Zhigljavsky'),
('Jonathan W. Gillard', 'Vincent Knight'),
('Jonathan W. Gillard', 'Julie Leanne Vile'),
('Jonathan W. Gillard', 'Paul Harper'),
('Jonathan W. Gillard', 'Rhyd Lewis'),
('Ian Cooper', 'Stuart M Allen'),
('Ian Cooper', '\"C Mumford\" OR \"C Valenzuela\"'),
('Ian Cooper', 'Rhyd Lewis'),
('Ian Cooper', 'Matthew P. John'),
('Paul Harper', 'Vincent Knight'),
('Paul Harper', 'Jonathan W. Gillard'),
('Paul Harper', 'Julie Leanne Vile'),
('Paul Harper', 'Leanne Smith'),
('Paul Harper', 'Tillal Eldabi'),
('Paul Harper', 'Gilbert Laporte'),
('Paul Harper', 'John Clarkson'),
('Paul Harper', 'Alexander Anstey'),
('Paul Harper', 'Marion Sabine Rauner');

-- --------------------------------------------------------

--
-- Table structure for table `nodes`
--

CREATE TABLE `nodes` (
  `scholarName` varchar(256) NOT NULL
) ENGINE=InnoDB DEFAULT CHARSET=latin1;

--
-- Dumping data for table `nodes`
--

INSERT INTO `nodes` (`scholarName`) VALUES
('Andrew J Parkes'),
('Edmund Kieran Burke'),
('Barry McCollum'),
('Ender zcan'),
('Jakub Mareek'),
('Rong Qu'),
('Professor Graham Kendall'),
('Shahriar Asta'),
('Hana Rudov'),
('Dario Landa-Silva'),
('Matthew R. Hyde'),
('Gabriela Ochoa'),
('Hugo Terashima-Marn'),
('Jos Carlos Ortiz-Bayliss'),
('Olaf Lechtenfeld'),
('Ahmed Kheiri'),
('Daniel Karapetyan'),
('Ben Paechter'),
('Luca Di Gaspero'),
('Andrea Schaerf'),
('Rhyd Lewis'),
('Greet Vanden Berghe'),
('Patrick De Causmaecker'),
('Andrew J Parkes'),
('Steven Gustafson'),
('Jingpeng Li'),
('Peter Cowling'),
('Salwani Abdullah'),
('David Elliman'),
('Jonathan M. Garibaldi'),
('Natalio Krasnogor'),
('Yuri Bykov'),
('John R. Woodward'),
('Peter Ross'),
('Peter Middleton'),
('Chilukuri Mohan'),
('John H. Drake'),
('A. Sima Etaner - Uyar'),
('Mustafa Msr'),
('Berna Kiraz'),
('Djamila Ouelhadj'),
('Jerry Swan'),
('Simon Martin'),
('Syariza Abdul Rahman'),
('Martin Tak'),
('Vana Kalogeraki'),
('Dimitrios Gunopulos'),
('Franois Schnitzler'),
('Katharina Morik'),
('Shie Mannor'),
('Matthias Weidlich'),
('Alexander Artikis'),
('Christian Bockermann'),
('Robert Shorten'),
('Peter Richtarik'),
('bissan ghaddar'),
('Fabian Wirth'),
('Jie Liu'),
('guanglei wang'),
('Jonathan Epperlein'),
('Nasser R. Sabar'),
('Jiawei Li'),
('Naimah Mohd Hussin'),
('Philip Hingston'),
('Simon Lucas'),
('Simon J T Pollard'),
('Emma Soane'),
('Engin Erzin'),
('YUCEL YEMEZ'),
('Elif Bozkurt'),
('Sanem Sariel'),
('Julian Miller'),
('Patricia Ryser-Welch'),
('Mustafa Ersen'),
('Raras Tyasnurita'),
('Robert John'),
('Abdulkerim apar'),
('Peer-Olaf Siebers'),
('Dalibor Klusek'),
('Tom Mller'),
('Ludek Matyska'),
('Roman Bartak'),
('Pavel Troubil'),
('Ranieri Baraglia'),
('Gabriele Capannini'),
('Pavel Fibich'),
('Jerome Lauret'),
('Mgr. imon Tth'),
('Marco Tomassini'),
('Sbastien Verel'),
('Michel Gendreau'),
('Fabio Daolio'),
('Nadarajen Veerapen'),
('Inman Harvey'),
('Minaya Villasana'),
('Klaus Jaffe'),
('Darrell Whitley'),
('Jorge Alberto Soria Alcaraz'),
('Francisco Chicano'),
('Eunice Lpez-Camacho'),
('Ed Keedwell'),
('Dragan Savic'),
('Warren G. Jackson'),
('G. Gutin'),
('Abraham P. Punnen'),
('Igor Razgon'),
('Emma Hart'),
('Manuel Lpez-Ibez'),
('A.E. Eiben'),
('Joshua Knowles'),
('Juan J. Merelo Guervs'),
('Julio Ortega'),
('Mark Jelasity'),
('Marco Dorigo'),
('Marc Schoenauer'),
('luca maria gambardella'),
('Monaldo Mastrolilli'),
('Marco Chiarandini'),
('Bart Craenen'),
('Mike Preuss'),
('Alberto Guillen'),
('Mauro Birattari'),
('Thomas Sttzle'),
('Lus Paquete'),
('Vincenzo Della Mea'),
('Stefano Mizzaro'),
('Andrea Roli'),
('Paolo Coppola'),
('Tommaso Urli'),
('Luca Vassena'),
('Wolfgang Slany'),
('Sara Ceschia'),
('Nysret Musliu'),
('Johannes Gaertner'),
('Andrea Rendl'),
('Guy Kortsarz'),
('Ruggero Bellio'),
('Giacomo Di Tollo'),
('Agostino Dovier'),
('Francesco M. Donini'),
('Maurizio Lenzerini'),
('Daniele Nardi'),
('Werner Nutt'),
('Krzysztof R. Apt'),
('Amnon Meisels'),
('Gerhard Post'),
('Luigi Palopoli'),
('Sophia Daskalaki'),
('\"C Mumford\" OR \"C Valenzuela\"'),
('Jonathan W. Gillard'),
('Kate Smith-Miles'),
('Matthew P. John'),
('Wu  Yu-Huei '),
('Fiona Carroll'),
('Ian Cooper'),
('Paul Harper'),
('Wasin Padungwech'),
('Yinghao Wu');

-- --------------------------------------------------------

--
-- Table structure for table `papers`
--

CREATE TABLE `papers` (
  `paperName` varchar(512) NOT NULL,
  `author` varchar(256) NOT NULL,
  `yearPublished` int(11) NOT NULL,
  `numberOfCitations` int(11) DEFAULT '0'
) ENGINE=InnoDB DEFAULT CHARSET=latin1;

--
-- Dumping data for table `papers`
--

INSERT INTO `papers` (`paperName`, `author`, `yearPublished`, `numberOfCitations`) VALUES
('Finiteness in rigid supersymmetric theories', 'Andrew J Parkes', 1984, 257),
('Setting the research agenda in automated timetabling: The second international timetabling competition', 'Andrew J Parkes', 2010, 184),
('Three-loop results in two-loop finite supersymmetric gauge theories', 'Andrew J Parkes', 1985, 119),
('A Survey of NP-Complete Puzzles.', 'Andrew J Parkes', 2008, 109),
('Supermodels and robustness', 'Andrew J Parkes', 1998, 99),
('HyFlex: A Benchmark Framework for Cross-domain Heuristic Search', 'Andrew J Parkes', 2012, 98),
('Clustering at the phase transition', 'Andrew J Parkes', 1997, 93),
('Search for a three-loop-finite chiral theory', 'Andrew J Parkes', 1985, 78),
('Three-loop finiteness conditions in N = 1 super-Yang-Mills', 'Andrew J Parkes', 1985, 76),
('Tuning local search for satisfiability testing', 'Andrew J Parkes', 1996, 72),
('Decomposition, reformulation, and diving in university course timetabling', 'Andrew J Parkes', 2010, 70),
('A cubic action for self-dual Yang-Mills', 'Andrew J Parkes', 1992, 69),
('An investigation of fuzzy multiple heuristic orderings in the construction of university examination timetables', 'Andrew J Parkes', 2009, 62),
('Explicit supersymmetry breaking can preserve finiteness in rigid N = 2 supersymmetric theories', 'Andrew J Parkes', 1983, 62),
('A new model for automated examination timetabling', 'Andrew J Parkes', 2008, 52),
('Generalizing Boolean satisfiability I: Background and survey of existing work', 'Andrew J Parkes', 2004, 52),
('A supernodal formulation of vertex colouring with applications in course timetabling', 'Andrew J Parkes', 2010, 51),
('An extended great deluge approach to the examination timetabling problem', 'Andrew J Parkes', 2009, 50),
('A branch-and-cut procedure for the Udine course timetabling problem', 'Andrew J Parkes', 2012, 49),
('Finiteness and explicit supersymmetry breaking of the N= 4 supersymmetric Yang-Mills theory', 'Andrew J Parkes', 1983, 49),
('N= 1 supersymmetric mass terms in the N = 4 supersymmetric Yang-Mills theory', 'Andrew J Parkes', 1983, 49),
('On covariant multi-loop superstring amplitudes', 'Andrew J Parkes', 1990, 45),
('On the vanishing of the genus two superstring vacuum amplitude', 'Andrew J Parkes', 1988, 41),
('Towards improving the utilization of university teaching space', 'Andrew J Parkes', 2009, 34),
('The second international timetabling competition: Examination timetabling track', 'Andrew J Parkes', 2007, 32),
('The cross-domain heuristic search challengean international research competition', 'Andrew J Parkes', 2011, 30),
('Two-loop modular invariance and spin-statistics', 'Andrew J Parkes', 1987, 28),
('Satisfiability algorithms and finite quantification', 'Andrew J Parkes', 2003, 25),
('Generalizing boolean satisfiability II: Theory', 'Andrew J Parkes', 2004, 24),
('Lifted search engines for satisfiability', 'Andrew J Parkes', 1999, 24),
('Satisfiability algorithms and finite quantification', 'Andrew J Parkes', 2000, 23),
('The teaching space allocation problem with splitting', 'Andrew J Parkes', 2006, 22),
('Mapping the performance of heuristics for constraint satisfaction', 'Andrew J Parkes', 2010, 21),
('The interleaved constructive memetic algorithm and its application to timetabling', 'Andrew J Parkes', 2012, 20),
('HySST: hyper-heuristic search strategies and timetabling', 'Andrew J Parkes', 2012, 20),
('Twisting the N= 2 string', 'Andrew J Parkes', 1995, 19),
('The two loop superstring vacuum amplitude and canonical divisors', 'Andrew J Parkes', 1989, 19),
('Penalising patterns in timetables: Novel integer programming formulations', 'Andrew J Parkes', 2008, 17),
('Scaling properties of pure random walk on random 3-SAT', 'Andrew J Parkes', 2002, 17),
('Policy matrix evolution for generation of heuristics', 'Andrew J Parkes', 2011, 16),
('A stochastic local search algorithm with adaptive acceptance for high-school timetabling', 'Andrew J Parkes', 2014, 13),
('Understanding the role of UFOs within space exploitation', 'Andrew J Parkes', 2006, 13),
('Dimensional regularization and supersymmetry', 'Andrew J Parkes', 1984, 13),
('Generalizing boolean satisfiability III: Implementation', 'Andrew J Parkes', 2005, 12),
('Exploiting solution clusters for coarse-grained distributed search', 'Andrew J Parkes', 2001, 12),
('Generalizing hyper-heuristics via apprenticeship learning', 'Andrew J Parkes', 2013, 11),
('Combining Monte-Carlo and Hyper-heuristic methods for the Multi-mode Resource-constrained Multi-project Scheduling Problem', 'Andrew J Parkes', 2013, 10),
('Multi-objective aspects of the examination timetabling competition track', 'Andrew J Parkes', 2008, 10),
('Search, subsearch and QPROP', 'Andrew J Parkes', 2000, 9),
('Batched Mode Hyper-heuristics', 'Andrew J Parkes', 2013, 8),
('Matrix analysis of genetic programming mutation', 'Andrew J Parkes', 2012, 8),
('Properties of yeditepe examination timetabling benchmark instances', 'Andrew J Parkes', 2010, 8),
('On N= 2 strings and classical scattering solutions of self-dual Yang-Mills in (2, 2) spacetime', 'Andrew J Parkes', 1991, 8),
('Hyperion2: a toolkit for {meta-, hyper-} heuristic research', 'Andrew J Parkes', 2014, 7),
('Evolutionary Squeaky Wheel Optimization: A New Analysis Framework', 'Andrew J Parkes', 2011, 7),
('University space planning and space-type profiles', 'Andrew J Parkes', 2010, 7),
('Dimension reduction in the search for online bin packing policies', 'Andrew J Parkes', 2013, 6),
('Implementing a generalized version of resolution', 'Andrew J Parkes', 2004, 6),
('Distributed local search, phase transitions, and polylog time', 'Andrew J Parkes', 2001, 6),
('System and process for job scheduling to minimize construction costs', 'Andrew J Parkes', 2011, 5),
('On the idea of evolving decision matrix hyper-heuristics for solving constraint satisfaction problems', 'Andrew J Parkes', 2011, 5),
('Combined blackbox and algebraic architecture (CBRA)', 'Andrew J Parkes', 2010, 5),
('Improving the room-size profiles of university teaching space', 'Andrew J Parkes', 2007, 5),
('Easy predictions for the easy-hard-easy transition', 'Andrew J Parkes', 2002, 5),
('Likely Near-term Advances in SAT Solvers', 'Andrew J Parkes', 2002, 5),
('On supersymmetry anomalies', 'Andrew J Parkes', 1985, 5),
('Heuristic generation via parameter tuning for online bin packing', 'Andrew J Parkes', 2014, 4),
('Initial results on fairness in examination timetabling', 'Andrew J Parkes', 2013, 4),
('Enrollment generators, clustering and chromatic numbers', 'Andrew J Parkes', 2008, 4),
('Exploring Heuristic Interactions in Constraint Satisfaction Problems: A Closer Look at the Hyper-Heuristic Space', 'Andrew J Parkes', 2013, 3),
('Improving the performance of vector hyper-heuristics through local search', 'Andrew J Parkes', 2012, 3),
('Conflict inheritance in sectioning and space planning', 'Andrew J Parkes', 2008, 3),
('Worldwide aeronautical route planner', 'Andrew J Parkes', 1999, 3),
('A Software Interface for Supporting the Application of Data Science to Optimisation', 'Andrew J Parkes', 2015, 2),
('Fairness in Examination Timetabling: Student Preferences and Extended Formulations', 'Andrew J Parkes', 2014, 2),
('An ensemble based genetic programming system to predict english football premier league games', 'Andrew J Parkes', 2013, 2),
('Variable and value ordering decision matrix hyper-heuristics: a local improvement approach', 'Andrew J Parkes', 2011, 2),
('Recent Work on Planning and Management of University Teaching Space', 'Andrew J Parkes', 2009, 2),
('An investigation into the use of Haskell for dynamic programming', 'Andrew J Parkes', 2014, 1),
('A genetic programming hyper-heuristic: turning features into heuristics for constraint satisfaction', 'Andrew J Parkes', 2013, 1),
('Next Steps for the Examination Timetabling Format and Competition', 'Andrew J Parkes', 2012, 1),
('Dynamic Data Structures for Taskgraph Scheduling Policies with Applications in OpenCL Accelerators', 'Andrew J Parkes', 2011, 1),
('Semidefinite Programming Relaxations in Timetabling', 'Andrew J Parkes', 2010, 1),
('Evaluating the space planning benefits of partitionable rooms', 'Andrew J Parkes', 2008, 1),
('Clustering within timetabling conflict graphs', 'Andrew J Parkes', 2007, 1),
('Improving coalition performance by exploiting phase transition behavior', 'Andrew J Parkes', 2004, 1),
('Exploiting Solution-Space Structure', 'Andrew J Parkes', 2003, 1),
('CHAMP: Creating heuristics via many parameters for online bin packing', 'Andrew J Parkes', 2016, 0),
('International Portfolio Optimisation with Integrated Currency Overlay Costs and Constraints', 'Andrew J Parkes', 2016, 0),
('Systematic search for local-search SAT heuristics', 'Andrew J Parkes', 2016, 0),
('Multi-component approach to the bipartite Boolean quadratic programming problem', 'Andrew J Parkes', 2016, 0),
('Pattern-Based Approach to the Workflow Satisfiability Problem with User-Independent Constraints', 'Andrew J Parkes', 2016, 0),
('A Hybrid Genetic Algorithm for a Two-Stage Stochastic Portfolio Optimization With Uncertain Asset Prices', 'Andrew J Parkes', 2015, 0),
('Lessons from Building an Automated Pre-Departure Sequencer for Airports', 'Andrew J Parkes', 2014, 0),
('CHaMP: Creating Heuristics via Many Parameters', 'Andrew J Parkes', 2014, 0),
('Task Force on Hyper-heuristics', 'Andrew J Parkes', 2014, 0),
('Physics Department University of California Davis, CA 95616.', 'Andrew J Parkes', 2013, 0),
('Semidefinite Programming in Timetabling II: Algorithms', 'Andrew J Parkes', 2012, 0),
('Generalizing Boolean Satisfiability III: Implementation', 'Andrew J Parkes', 2011, 0),
('Generalizing Boolean Satisfiability II: Theory', 'Andrew J Parkes', 2011, 0);

-- --------------------------------------------------------

--
-- Table structure for table `profile`
--

CREATE TABLE `profile` (
  `aName` varchar(255) NOT NULL,
  `NumPaper` int(11) NOT NULL,
  `hIndex` int(11) NOT NULL
) ENGINE=InnoDB DEFAULT CHARSET=latin1;

--
-- Dumping data for table `profile`
--

INSERT INTO `profile` (`aName`, `NumPaper`, `hIndex`) VALUES
('Andrew J Parkes', 101, 27);

/*!40101 SET CHARACTER_SET_CLIENT=@OLD_CHARACTER_SET_CLIENT */;
/*!40101 SET CHARACTER_SET_RESULTS=@OLD_CHARACTER_SET_RESULTS */;
/*!40101 SET COLLATION_CONNECTION=@OLD_COLLATION_CONNECTION */;
